GEO.id,Id,0100000US
GEO.id2,Id2,
GEO.display-label,Geography,United States
HD01_VD01,Estimate; Total:,43053
HD02_VD01,Margin of Error; Total:,68
HD01_VD02,Estimate; Total: - Chief executives,118615
HD02_VD02,Margin of Error; Total: - Chief executives,2720
HD01_VD03,Estimate; Total: - General and operations managers,74131
HD02_VD03,Margin of Error; Total: - General and operations managers,568
HD01_VD04,Estimate; Total: - Legislators,62389
HD02_VD04,Margin of Error; Total: - Legislators,3548
HD01_VD05,Estimate; Total: - Advertising and promotions managers,61509
HD02_VD05,Margin of Error; Total: - Advertising and promotions managers,1207
HD01_VD06,Estimate; Total: - Marketing and sales managers,80045
HD02_VD06,Margin of Error; Total: - Marketing and sales managers,677
HD01_VD07,Estimate; Total: - Public relations and fundraising managers,77911
HD02_VD07,Margin of Error; Total: - Public relations and fundraising managers,2414
HD01_VD08,Estimate; Total: - Administrative services managers,63405
HD02_VD08,Margin of Error; Total: - Administrative services managers,1168
HD01_VD09,Estimate; Total: - Computer and information systems managers,98334
HD02_VD09,Margin of Error; Total: - Computer and information systems managers,899
HD01_VD10,Estimate; Total: - Financial managers,69549
HD02_VD10,Margin of Error; Total: - Financial managers,775
HD01_VD11,Estimate; Total: - Compensation and benefits managers,75474
HD02_VD11,Margin of Error; Total: - Compensation and benefits managers,4629
HD01_VD12,Estimate; Total: - Human resources managers,68553
HD02_VD12,Margin of Error; Total: - Human resources managers,1177
HD01_VD13,Estimate; Total: - Training and development managers,73573
HD02_VD13,Margin of Error; Total: - Training and development managers,2046
HD01_VD14,Estimate; Total: - Industrial production managers,73017
HD02_VD14,Margin of Error; Total: - Industrial production managers,925
HD01_VD15,Estimate; Total: - Purchasing managers,71788
HD02_VD15,Margin of Error; Total: - Purchasing managers,867
HD01_VD16,"Estimate; Total: - Transportation, storage, and distribution managers",51745
HD02_VD16,"Margin of Error; Total: - Transportation, storage, and distribution managers",426
HD01_VD17,"Estimate; Total: - Farmers, ranchers, and other agricultural managers",39543
HD02_VD17,"Margin of Error; Total: - Farmers, ranchers, and other agricultural managers",781
HD01_VD18,Estimate; Total: - Construction managers,67877
HD02_VD18,Margin of Error; Total: - Construction managers,942
HD01_VD19,Estimate; Total: - Education administrators,67256
HD02_VD19,Margin of Error; Total: - Education administrators,439
HD01_VD20,Estimate; Total: - Architectural and engineering managers,122252
HD02_VD20,Margin of Error; Total: - Architectural and engineering managers,1142
HD01_VD21,Estimate; Total: - Food service managers,36544
HD02_VD21,Margin of Error; Total: - Food service managers,250
HD01_VD22,Estimate; Total: - Funeral service managers,70100
HD02_VD22,Margin of Error; Total: - Funeral service managers,3076
HD01_VD23,Estimate; Total: - Gaming managers,49358
HD02_VD23,Margin of Error; Total: - Gaming managers,3155
HD01_VD24,Estimate; Total: - Lodging managers,42343
HD02_VD24,Margin of Error; Total: - Lodging managers,718
HD01_VD25,Estimate; Total: - Medical and health services managers,69951
HD02_VD25,Margin of Error; Total: - Medical and health services managers,674
HD01_VD26,Estimate; Total: - Natural sciences managers,95160
HD02_VD26,Margin of Error; Total: - Natural sciences managers,3375
HD01_VD27,Estimate; Total: - Postmasters and mail superintendents,65776
HD02_VD27,Margin of Error; Total: - Postmasters and mail superintendents,1339
HD01_VD28,"Estimate; Total: - Property, real estate, and community association managers",49264
HD02_VD28,"Margin of Error; Total: - Property, real estate, and community association managers",629
HD01_VD29,Estimate; Total: - Social and community service managers,54592
HD02_VD29,Margin of Error; Total: - Social and community service managers,619
HD01_VD30,Estimate; Total: - Emergency management directors,71935
HD02_VD30,Margin of Error; Total: - Emergency management directors,4940
HD01_VD31,"Estimate; Total: - Managers, all other",75657
HD02_VD31,"Margin of Error; Total: - Managers, all other",300
HD01_VD32,"Estimate; Total: - Agents and business managers of artists, performers, and athletes",50621
HD02_VD32,"Margin of Error; Total: - Agents and business managers of artists, performers, and athletes",2126
HD01_VD33,"Estimate; Total: - Buyers and purchasing agents, farm products",52267
HD02_VD33,"Margin of Error; Total: - Buyers and purchasing agents, farm products",3166
HD01_VD34,"Estimate; Total: - Wholesale and retail buyers, except farm products",43704
HD02_VD34,"Margin of Error; Total: - Wholesale and retail buyers, except farm products",903
HD01_VD35,"Estimate; Total: - Purchasing agents, except wholesale, retail, and farm products",52921
HD02_VD35,"Margin of Error; Total: - Purchasing agents, except wholesale, retail, and farm products",669
HD01_VD36,"Estimate; Total: - Claims adjusters, appraisers, examiners, and investigators",51146
HD02_VD36,"Margin of Error; Total: - Claims adjusters, appraisers, examiners, and investigators",406
HD01_VD37,Estimate; Total: - Compliance officers,63318
HD02_VD37,Margin of Error; Total: - Compliance officers,1025
HD01_VD38,Estimate; Total: - Cost estimators,60454
HD02_VD38,Margin of Error; Total: - Cost estimators,708
HD01_VD39,Estimate; Total: - Human resources workers,55057
HD02_VD39,Margin of Error; Total: - Human resources workers,471
HD01_VD40,"Estimate; Total: - Compensation, benefits, and job analysis specialists",51603
HD02_VD40,"Margin of Error; Total: - Compensation, benefits, and job analysis specialists",935
HD01_VD41,Estimate; Total: - Training and development specialists,55278
HD02_VD41,Margin of Error; Total: - Training and development specialists,1152
HD01_VD42,Estimate; Total: - Logisticians,52459
HD02_VD42,Margin of Error; Total: - Logisticians,1002
HD01_VD43,Estimate; Total: - Management analysts,80483
HD02_VD43,Margin of Error; Total: - Management analysts,504
HD01_VD44,"Estimate; Total: - Meeting, convention, and event planners",47492
HD02_VD44,"Margin of Error; Total: - Meeting, convention, and event planners",864
HD01_VD45,Estimate; Total: - Fundraisers,60602
HD02_VD45,Margin of Error; Total: - Fundraisers,1102
HD01_VD46,Estimate; Total: - Market research analysts and marketing specialists,66628
HD02_VD46,Margin of Error; Total: - Market research analysts and marketing specialists,926
HD01_VD47,"Estimate; Total: - Business operations specialists, all other",56009
HD02_VD47,"Margin of Error; Total: - Business operations specialists, all other",707
HD01_VD48,Estimate; Total: - Accountants and auditors,61492
HD02_VD48,Margin of Error; Total: - Accountants and auditors,233
HD01_VD49,Estimate; Total: - Appraisers and assessors of real estate,54089
HD02_VD49,Margin of Error; Total: - Appraisers and assessors of real estate,1631
HD01_VD50,Estimate; Total: - Budget analysts,69728
HD02_VD50,Margin of Error; Total: - Budget analysts,1614
HD01_VD51,Estimate; Total: - Credit analysts,53444
HD02_VD51,Margin of Error; Total: - Credit analysts,1524
HD01_VD52,Estimate; Total: - Financial analysts,86681
HD02_VD52,Margin of Error; Total: - Financial analysts,3071
HD01_VD53,Estimate; Total: - Personal financial advisors,82692
HD02_VD53,Margin of Error; Total: - Personal financial advisors,1385
HD01_VD54,Estimate; Total: - Insurance underwriters,57995
HD02_VD54,Margin of Error; Total: - Insurance underwriters,1359
HD01_VD55,Estimate; Total: - Financial examiners,72790
HD02_VD55,Margin of Error; Total: - Financial examiners,5840
HD01_VD56,Estimate; Total: - Credit counselors and loan officers,54238
HD02_VD56,Margin of Error; Total: - Credit counselors and loan officers,1037
HD01_VD57,"Estimate; Total: - Tax examiners and collectors, and revenue agents",51522
HD02_VD57,"Margin of Error; Total: - Tax examiners and collectors, and revenue agents",1026
HD01_VD58,Estimate; Total: - Tax preparers,50823
HD02_VD58,Margin of Error; Total: - Tax preparers,1405
HD01_VD59,"Estimate; Total: - Financial specialists, all other",56596
HD02_VD59,"Margin of Error; Total: - Financial specialists, all other",3130
HD01_VD60,Estimate; Total: - Computer and information research scientists,94935
HD02_VD60,Margin of Error; Total: - Computer and information research scientists,5157
HD01_VD61,Estimate; Total: - Computer systems analysts,76809
HD02_VD61,Margin of Error; Total: - Computer systems analysts,540
HD01_VD62,Estimate; Total: - Information security analysts,84371
HD02_VD62,Margin of Error; Total: - Information security analysts,1946
HD01_VD63,Estimate; Total: - Computer programmers,80441
HD02_VD63,Margin of Error; Total: - Computer programmers,426
HD01_VD64,"Estimate; Total: - Software developers, applications and systems software",93626
HD02_VD64,"Margin of Error; Total: - Software developers, applications and systems software",469
HD01_VD65,Estimate; Total: - Web developers,59109
HD02_VD65,Margin of Error; Total: - Web developers,1643
HD01_VD66,Estimate; Total: - Computer support specialists,54428
HD02_VD66,Margin of Error; Total: - Computer support specialists,494
HD01_VD67,Estimate; Total: - Database administrators,76172
HD02_VD67,Margin of Error; Total: - Database administrators,1553
HD01_VD68,Estimate; Total: - Network and computer systems administrators,68153
HD02_VD68,Margin of Error; Total: - Network and computer systems administrators,791
HD01_VD69,Estimate; Total: - Computer network architects,93678
HD02_VD69,Margin of Error; Total: - Computer network architects,1644
HD01_VD70,"Estimate; Total: - Computer occupations, all other",65785
HD02_VD70,"Margin of Error; Total: - Computer occupations, all other",862
HD01_VD71,Estimate; Total: - Actuaries,107333
HD02_VD71,Margin of Error; Total: - Actuaries,4922
HD01_VD72,Estimate; Total: - Mathematicians,100373
HD02_VD72,Margin of Error; Total: - Mathematicians,15978
HD01_VD73,Estimate; Total: - Operations research analysts,77275
HD02_VD73,Margin of Error; Total: - Operations research analysts,1008
HD01_VD74,Estimate; Total: - Statisticians,77637
HD02_VD74,Margin of Error; Total: - Statisticians,2877
HD01_VD75,Estimate; Total: - Miscellaneous mathematical science occupations,72196
HD02_VD75,Margin of Error; Total: - Miscellaneous mathematical science occupations,4469
HD01_VD76,"Estimate; Total: - Architects, except naval",72563
HD02_VD76,"Margin of Error; Total: - Architects, except naval",1207
HD01_VD77,"Estimate; Total: - Surveyors, cartographers, and photogrammetrists",56351
HD02_VD77,"Margin of Error; Total: - Surveyors, cartographers, and photogrammetrists",2614
HD01_VD78,Estimate; Total: - Aerospace engineers,100348
HD02_VD78,Margin of Error; Total: - Aerospace engineers,588
HD01_VD79,Estimate; Total: - Agricultural engineers,70882
HD02_VD79,Margin of Error; Total: - Agricultural engineers,4150
HD01_VD80,Estimate; Total: - Biomedical engineers,82890
HD02_VD80,Margin of Error; Total: - Biomedical engineers,2277
HD01_VD81,Estimate; Total: - Chemical engineers,96731
HD02_VD81,Margin of Error; Total: - Chemical engineers,2000
HD01_VD82,Estimate; Total: - Civil engineers,82179
HD02_VD82,Margin of Error; Total: - Civil engineers,484
HD01_VD83,Estimate; Total: - Computer hardware engineers,91099
HD02_VD83,Margin of Error; Total: - Computer hardware engineers,1627
HD01_VD84,Estimate; Total: - Electrical and electronics engineers,92019
HD02_VD84,Margin of Error; Total: - Electrical and electronics engineers,735
HD01_VD85,Estimate; Total: - Environmental engineers,77409
HD02_VD85,Margin of Error; Total: - Environmental engineers,1687
HD01_VD86,"Estimate; Total: - Industrial engineers, including health and safety",75931
HD02_VD86,"Margin of Error; Total: - Industrial engineers, including health and safety",723
HD01_VD87,Estimate; Total: - Marine engineers and naval architects,82475
HD02_VD87,Margin of Error; Total: - Marine engineers and naval architects,3103
HD01_VD88,Estimate; Total: - Materials engineers,76939
HD02_VD88,Margin of Error; Total: - Materials engineers,1285
HD01_VD89,Estimate; Total: - Mechanical engineers,80285
HD02_VD89,Margin of Error; Total: - Mechanical engineers,657
HD01_VD90,"Estimate; Total: - Mining and geological engineers, including mining safety engineers",86440
HD02_VD90,"Margin of Error; Total: - Mining and geological engineers, including mining safety engineers",2772
HD01_VD91,Estimate; Total: - Nuclear engineers,87083
HD02_VD91,Margin of Error; Total: - Nuclear engineers,7820
HD01_VD92,Estimate; Total: - Petroleum engineers,110349
HD02_VD92,Margin of Error; Total: - Petroleum engineers,6299
HD01_VD93,"Estimate; Total: - Engineers, all other",89933
HD02_VD93,"Margin of Error; Total: - Engineers, all other",849
HD01_VD94,Estimate; Total: - Drafters,51490
HD02_VD94,Margin of Error; Total: - Drafters,430
HD01_VD95,"Estimate; Total: - Engineering technicians, except drafters",54921
HD02_VD95,"Margin of Error; Total: - Engineering technicians, except drafters",591
HD01_VD96,Estimate; Total: - Surveying and mapping technicians,50048
HD02_VD96,Margin of Error; Total: - Surveying and mapping technicians,1074
HD01_VD97,Estimate; Total: - Agricultural and food scientists,59382
HD02_VD97,Margin of Error; Total: - Agricultural and food scientists,2950
HD01_VD98,Estimate; Total: - Biological scientists,57316
HD02_VD98,Margin of Error; Total: - Biological scientists,1553
HD01_VD99,Estimate; Total: - Conservation scientists and foresters,57036
HD02_VD99,Margin of Error; Total: - Conservation scientists and foresters,1755
HD01_VD100,Estimate; Total: - Medical scientists,73499
HD02_VD100,Margin of Error; Total: - Medical scientists,1922
HD01_VD101,"Estimate; Total: - Life scientists, all other",70125
HD02_VD101,"Margin of Error; Total: - Life scientists, all other",35704
HD01_VD102,Estimate; Total: - Astronomers and physicists,102101
HD02_VD102,Margin of Error; Total: - Astronomers and physicists,2947
HD01_VD103,Estimate; Total: - Atmospheric and space scientists,71902
HD02_VD103,Margin of Error; Total: - Atmospheric and space scientists,5162
HD01_VD104,Estimate; Total: - Chemists and materials scientists,69659
HD02_VD104,Margin of Error; Total: - Chemists and materials scientists,1524
HD01_VD105,Estimate; Total: - Environmental scientists and geoscientists,71499
HD02_VD105,Margin of Error; Total: - Environmental scientists and geoscientists,1354
HD01_VD106,"Estimate; Total: - Physical scientists, all other",73416
HD02_VD106,"Margin of Error; Total: - Physical scientists, all other",1622
HD01_VD107,Estimate; Total: - Economists,105692
HD02_VD107,Margin of Error; Total: - Economists,2511
HD01_VD108,Estimate; Total: - Survey researchers,65879
HD02_VD108,Margin of Error; Total: - Survey researchers,10657
HD01_VD109,Estimate; Total: - Psychologists,69251
HD02_VD109,Margin of Error; Total: - Psychologists,1383
HD01_VD110,Estimate; Total: - Urban and regional planners,68487
HD02_VD110,Margin of Error; Total: - Urban and regional planners,2155
HD01_VD111,"Estimate; Total: - Miscellaneous social scientists and related workers, including sociologists",56807
HD02_VD111,"Margin of Error; Total: - Miscellaneous social scientists and related workers, including sociologists",2526
HD01_VD112,Estimate; Total: - Agricultural and food science technicians,41623
HD02_VD112,Margin of Error; Total: - Agricultural and food science technicians,1185
HD01_VD113,Estimate; Total: - Biological technicians,45188
HD02_VD113,Margin of Error; Total: - Biological technicians,2004
HD01_VD114,Estimate; Total: - Chemical technicians,50712
HD02_VD114,Margin of Error; Total: - Chemical technicians,580
HD01_VD115,Estimate; Total: - Geological and petroleum technicians,63764
HD02_VD115,Margin of Error; Total: - Geological and petroleum technicians,3919
HD01_VD116,Estimate; Total: - Nuclear technicians,82108
HD02_VD116,Margin of Error; Total: - Nuclear technicians,10362
HD01_VD117,Estimate; Total: - Social science research assistants,40044
HD02_VD117,Margin of Error; Total: - Social science research assistants,3017
HD01_VD118,"Estimate; Total: - Miscellaneous life, physical, and social science technicians",44093
HD02_VD118,"Margin of Error; Total: - Miscellaneous life, physical, and social science technicians",1007
HD01_VD119,Estimate; Total: - Counselors,42785
HD02_VD119,Margin of Error; Total: - Counselors,390
HD01_VD120,Estimate; Total: - Social workers,42200
HD02_VD120,Margin of Error; Total: - Social workers,165
HD01_VD121,Estimate; Total: - Probation officers and correctional treatment specialists,46237
HD02_VD121,Margin of Error; Total: - Probation officers and correctional treatment specialists,802
HD01_VD122,Estimate; Total: - Social and human service assistants,35134
HD02_VD122,Margin of Error; Total: - Social and human service assistants,592
HD01_VD123,"Estimate; Total: - Miscellaneous community and social service specialists, including health educators and community health workers",40797
HD02_VD123,"Margin of Error; Total: - Miscellaneous community and social service specialists, including health educators and community health workers",722
HD01_VD124,Estimate; Total: - Clergy,43301
HD02_VD124,Margin of Error; Total: - Clergy,542
HD01_VD125,"Estimate; Total: - Directors, religious activities and education",41830
HD02_VD125,"Margin of Error; Total: - Directors, religious activities and education",809
HD01_VD126,"Estimate; Total: - Religious workers, all other",36355
HD02_VD126,"Margin of Error; Total: - Religious workers, all other",643
HD01_VD127,Estimate; Total: - Lawyers,120056
HD02_VD127,Margin of Error; Total: - Lawyers,1249
HD01_VD128,Estimate; Total: - Judicial law clerks,63644
HD02_VD128,Margin of Error; Total: - Judicial law clerks,8885
HD01_VD129,"Estimate; Total: - Judges, magistrates, and other judicial workers",101892
HD02_VD129,"Margin of Error; Total: - Judges, magistrates, and other judicial workers",1763
HD01_VD130,Estimate; Total: - Paralegals and legal assistants,46748
HD02_VD130,Margin of Error; Total: - Paralegals and legal assistants,416
HD01_VD131,Estimate; Total: - Miscellaneous legal support workers,47330
HD02_VD131,Margin of Error; Total: - Miscellaneous legal support workers,726
HD01_VD132,Estimate; Total: - Postsecondary teachers,64235
HD02_VD132,Margin of Error; Total: - Postsecondary teachers,495
HD01_VD133,Estimate; Total: - Preschool and kindergarten teachers,24645
HD02_VD133,Margin of Error; Total: - Preschool and kindergarten teachers,318
HD01_VD134,Estimate; Total: - Elementary and middle school teachers,49975
HD02_VD134,Margin of Error; Total: - Elementary and middle school teachers,117
HD01_VD135,Estimate; Total: - Secondary school teachers,51739
HD02_VD135,Margin of Error; Total: - Secondary school teachers,215
HD01_VD136,Estimate; Total: - Special education teachers,47744
HD02_VD136,Margin of Error; Total: - Special education teachers,507
HD01_VD137,Estimate; Total: - Other teachers and instructors,44065
HD02_VD137,Margin of Error; Total: - Other teachers and instructors,691
HD01_VD138,"Estimate; Total: - Archivists, curators, and museum technicians",51152
HD02_VD138,"Margin of Error; Total: - Archivists, curators, and museum technicians",1265
HD01_VD139,Estimate; Total: - Librarians,49462
HD02_VD139,Margin of Error; Total: - Librarians,709
HD01_VD140,Estimate; Total: - Library technicians,31461
HD02_VD140,Margin of Error; Total: - Library technicians,1019
HD01_VD141,Estimate; Total: - Teacher assistants,20961
HD02_VD141,Margin of Error; Total: - Teacher assistants,154
HD01_VD142,"Estimate; Total: - Other education, training, and library workers, except teacher assistants",51813
HD02_VD142,"Margin of Error; Total: - Other education, training, and library workers, except teacher assistants",665
HD01_VD143,Estimate; Total: - Artists and related workers,49015
HD02_VD143,Margin of Error; Total: - Artists and related workers,1803
HD01_VD144,Estimate; Total: - Designers,50281
HD02_VD144,Margin of Error; Total: - Designers,329
HD01_VD145,Estimate; Total: - Actors,38965
HD02_VD145,Margin of Error; Total: - Actors,4967
HD01_VD146,Estimate; Total: - Producers and directors,62311
HD02_VD146,Margin of Error; Total: - Producers and directors,1019
HD01_VD147,"Estimate; Total: - Athletes, coaches, umpires, and related workers",43694
HD02_VD147,"Margin of Error; Total: - Athletes, coaches, umpires, and related workers",1637
HD01_VD148,Estimate; Total: - Dancers and choreographers,31172
HD02_VD148,Margin of Error; Total: - Dancers and choreographers,1682
HD01_VD149,"Estimate; Total: - Musicians, singers, and related workers",41771
HD02_VD149,"Margin of Error; Total: - Musicians, singers, and related workers",1246
HD01_VD150,"Estimate; Total: - Entertainers and performers, sports and related workers, all other",40188
HD02_VD150,"Margin of Error; Total: - Entertainers and performers, sports and related workers, all other",3238
HD01_VD151,Estimate; Total: - Announcers,44145
HD02_VD151,Margin of Error; Total: - Announcers,3778
HD01_VD152,"Estimate; Total: - News analysts, reporters and correspondents",51304
HD02_VD152,"Margin of Error; Total: - News analysts, reporters and correspondents",1053
HD01_VD153,Estimate; Total: - Public relations specialists,63160
HD02_VD153,Margin of Error; Total: - Public relations specialists,1460
HD01_VD154,Estimate; Total: - Editors,53324
HD02_VD154,Margin of Error; Total: - Editors,1019
HD01_VD155,Estimate; Total: - Technical writers,68408
HD02_VD155,Margin of Error; Total: - Technical writers,1884
HD01_VD156,Estimate; Total: - Writers and authors,55570
HD02_VD156,Margin of Error; Total: - Writers and authors,1323
HD01_VD157,Estimate; Total: - Miscellaneous media and communication workers,41187
HD02_VD157,Margin of Error; Total: - Miscellaneous media and communication workers,808
HD01_VD158,"Estimate; Total: - Miscellaneous media and communications equipment workers, including broadcast and sound engineering technicians and radio operators",50790
HD02_VD158,"Margin of Error; Total: - Miscellaneous media and communications equipment workers, including broadcast and sound engineering technicians and radio operators",786
HD01_VD159,Estimate; Total: - Photographers,36434
HD02_VD159,Margin of Error; Total: - Photographers,1227
HD01_VD160,"Estimate; Total: - Television, video, and motion picture camera operators and editors",50406
HD02_VD160,"Margin of Error; Total: - Television, video, and motion picture camera operators and editors",2234
HD01_VD161,Estimate; Total: - Chiropractors,66805
HD02_VD161,Margin of Error; Total: - Chiropractors,4083
HD01_VD162,Estimate; Total: - Dentists,144512
HD02_VD162,Margin of Error; Total: - Dentists,5298
HD01_VD163,Estimate; Total: - Dietitians and nutritionists,48973
HD02_VD163,Margin of Error; Total: - Dietitians and nutritionists,1025
HD01_VD164,Estimate; Total: - Optometrists,102518
HD02_VD164,Margin of Error; Total: - Optometrists,2012
HD01_VD165,Estimate; Total: - Pharmacists,116664
HD02_VD165,Margin of Error; Total: - Pharmacists,669
HD01_VD166,Estimate; Total: - Physicians and surgeons,180400
HD02_VD166,Margin of Error; Total: - Physicians and surgeons,1722
HD01_VD167,Estimate; Total: - Physician assistants,81129
HD02_VD167,Margin of Error; Total: - Physician assistants,1286
HD01_VD168,Estimate; Total: - Podiatrists,101543
HD02_VD168,Margin of Error; Total: - Podiatrists,3057
HD01_VD169,Estimate; Total: - Audiologists,75932
HD02_VD169,Margin of Error; Total: - Audiologists,1339
HD01_VD170,Estimate; Total: - Occupational therapists,67682
HD02_VD170,Margin of Error; Total: - Occupational therapists,1081
HD01_VD171,Estimate; Total: - Physical therapists,73226
HD02_VD171,Margin of Error; Total: - Physical therapists,816
HD01_VD172,Estimate; Total: - Radiation therapists,75490
HD02_VD172,Margin of Error; Total: - Radiation therapists,2884
HD01_VD173,Estimate; Total: - Recreational therapists,41661
HD02_VD173,Margin of Error; Total: - Recreational therapists,1486
HD01_VD174,Estimate; Total: - Respiratory therapists,55334
HD02_VD174,Margin of Error; Total: - Respiratory therapists,616
HD01_VD175,Estimate; Total: - Speech-language pathologists,61567
HD02_VD175,Margin of Error; Total: - Speech-language pathologists,520
HD01_VD176,"Estimate; Total: - Miscellaneous therapists, including exercise physiologists",46744
HD02_VD176,"Margin of Error; Total: - Miscellaneous therapists, including exercise physiologists",807
HD01_VD177,Estimate; Total: - Veterinarians,86575
HD02_VD177,Margin of Error; Total: - Veterinarians,1390
HD01_VD178,Estimate; Total: - Registered nurses,62871
HD02_VD178,Margin of Error; Total: - Registered nurses,197
HD01_VD179,Estimate; Total: - Nurse anesthetists,153381
HD02_VD179,Margin of Error; Total: - Nurse anesthetists,1832
HD01_VD180,Estimate; Total: - Nurse midwives,90426
HD02_VD180,Margin of Error; Total: - Nurse midwives,5120
HD01_VD181,Estimate; Total: - Nurse practitioners,91796
HD02_VD181,Margin of Error; Total: - Nurse practitioners,658
HD01_VD182,"Estimate; Total: - Health diagnosing and treating practitioners, all other",50154
HD02_VD182,"Margin of Error; Total: - Health diagnosing and treating practitioners, all other",4402
HD01_VD183,Estimate; Total: - Clinical laboratory technologists and technicians,45700
HD02_VD183,Margin of Error; Total: - Clinical laboratory technologists and technicians,517
HD01_VD184,Estimate; Total: - Dental hygienists,53639
HD02_VD184,Margin of Error; Total: - Dental hygienists,1418
HD01_VD185,Estimate; Total: - Diagnostic related technologists and technicians,55777
HD02_VD185,Margin of Error; Total: - Diagnostic related technologists and technicians,611
HD01_VD186,Estimate; Total: - Emergency medical technicians and paramedics,42491
HD02_VD186,Margin of Error; Total: - Emergency medical technicians and paramedics,681
HD01_VD187,Estimate; Total: - Health practitioner support technologists and technicians,31754
HD02_VD187,Margin of Error; Total: - Health practitioner support technologists and technicians,175
HD01_VD188,Estimate; Total: - Licensed practical and licensed vocational nurses,40006
HD02_VD188,Margin of Error; Total: - Licensed practical and licensed vocational nurses,302
HD01_VD189,Estimate; Total: - Medical records and health information technicians,31492
HD02_VD189,Margin of Error; Total: - Medical records and health information technicians,440
HD01_VD190,"Estimate; Total: - Opticians, dispensing",36891
HD02_VD190,"Margin of Error; Total: - Opticians, dispensing",726
HD01_VD191,Estimate; Total: - Miscellaneous health technologists and technicians,41442
HD02_VD191,Margin of Error; Total: - Miscellaneous health technologists and technicians,671
HD01_VD192,Estimate; Total: - Other healthcare practitioners and technical occupations,55436
HD02_VD192,Margin of Error; Total: - Other healthcare practitioners and technical occupations,1163
HD01_VD193,"Estimate; Total: - Nursing, psychiatric, and home health aides",25936
HD02_VD193,"Margin of Error; Total: - Nursing, psychiatric, and home health aides",103
HD01_VD194,Estimate; Total: - Occupational therapy assistants and aides,47238
HD02_VD194,Margin of Error; Total: - Occupational therapy assistants and aides,1888
HD01_VD195,Estimate; Total: - Physical therapist assistants and aides,43161
HD02_VD195,Margin of Error; Total: - Physical therapist assistants and aides,1149
HD01_VD196,Estimate; Total: - Massage therapists,29014
HD02_VD196,Margin of Error; Total: - Massage therapists,1020
HD01_VD197,Estimate; Total: - Dental assistants,30658
HD02_VD197,Margin of Error; Total: - Dental assistants,233
HD01_VD198,Estimate; Total: - Medical assistants,28913
HD02_VD198,Margin of Error; Total: - Medical assistants,244
HD01_VD199,Estimate; Total: - Medical transcriptionists,32585
HD02_VD199,Margin of Error; Total: - Medical transcriptionists,809
HD01_VD200,Estimate; Total: - Pharmacy aides,29215
HD02_VD200,Margin of Error; Total: - Pharmacy aides,1038
HD01_VD201,Estimate; Total: - Veterinary assistants and laboratory animal caretakers,24049
HD02_VD201,Margin of Error; Total: - Veterinary assistants and laboratory animal caretakers,871
HD01_VD202,Estimate; Total: - Phlebotomists,30595
HD02_VD202,Margin of Error; Total: - Phlebotomists,351
HD01_VD203,"Estimate; Total: - Healthcare support workers, all other, including medical equipment preparers",28641
HD02_VD203,"Margin of Error; Total: - Healthcare support workers, all other, including medical equipment preparers",698
HD01_VD204,Estimate; Total: - First-line supervisors of correctional officers,51863
HD02_VD204,Margin of Error; Total: - First-line supervisors of correctional officers,1163
HD01_VD205,Estimate; Total: - First-line supervisors of police and detectives,75759
HD02_VD205,Margin of Error; Total: - First-line supervisors of police and detectives,1276
HD01_VD206,Estimate; Total: - First-line supervisors of fire fighting and prevention workers,83697
HD02_VD206,Margin of Error; Total: - First-line supervisors of fire fighting and prevention workers,2443
HD01_VD207,"Estimate; Total: - First-line supervisors of protective service workers, all other",46664
HD02_VD207,"Margin of Error; Total: - First-line supervisors of protective service workers, all other",1058
HD01_VD208,Estimate; Total: - Firefighters,63633
HD02_VD208,Margin of Error; Total: - Firefighters,814
HD01_VD209,Estimate; Total: - Fire inspectors,55753
HD02_VD209,Margin of Error; Total: - Fire inspectors,2544
HD01_VD210,"Estimate; Total: - Bailiffs, correctional officers, and jailers",42403
HD02_VD210,"Margin of Error; Total: - Bailiffs, correctional officers, and jailers",325
HD01_VD211,Estimate; Total: - Detectives and criminal investigators,71481
HD02_VD211,Margin of Error; Total: - Detectives and criminal investigators,870
HD01_VD212,Estimate; Total: - Fish and game wardens,50181
HD02_VD212,Margin of Error; Total: - Fish and game wardens,3339
HD01_VD213,Estimate; Total: - Parking enforcement workers,36607
HD02_VD213,Margin of Error; Total: - Parking enforcement workers,2511
HD01_VD214,Estimate; Total: - Police and sheriff's patrol officers,62076
HD02_VD214,Margin of Error; Total: - Police and sheriff's patrol officers,276
HD01_VD215,Estimate; Total: - Transit and railroad police,55568
HD02_VD215,Margin of Error; Total: - Transit and railroad police,11245
HD01_VD216,Estimate; Total: - Animal control workers,34387
HD02_VD216,Margin of Error; Total: - Animal control workers,3513
HD01_VD217,Estimate; Total: - Private detectives and investigators,52067
HD02_VD217,Margin of Error; Total: - Private detectives and investigators,1098
HD01_VD218,Estimate; Total: - Security guards and gaming surveillance officers,30872
HD02_VD218,Margin of Error; Total: - Security guards and gaming surveillance officers,189
HD01_VD219,Estimate; Total: - Crossing guards,30046
HD02_VD219,Margin of Error; Total: - Crossing guards,2165
HD01_VD220,Estimate; Total: - Transportation security screeners,41465
HD02_VD220,Margin of Error; Total: - Transportation security screeners,463
HD01_VD221,"Estimate; Total: - Lifeguards and other recreational, and all other protective service workers",31215
HD02_VD221,"Margin of Error; Total: - Lifeguards and other recreational, and all other protective service workers",1088
HD01_VD222,Estimate; Total: - Chefs and head cooks,30371
HD02_VD222,Margin of Error; Total: - Chefs and head cooks,328
HD01_VD223,Estimate; Total: - First-line supervisors of food preparation and serving workers,24866
HD02_VD223,Margin of Error; Total: - First-line supervisors of food preparation and serving workers,362
HD01_VD224,Estimate; Total: - Cooks,20262
HD02_VD224,Margin of Error; Total: - Cooks,106
HD01_VD225,Estimate; Total: - Food preparation workers,18910
HD02_VD225,Margin of Error; Total: - Food preparation workers,203
HD01_VD226,Estimate; Total: - Bartenders,25732
HD02_VD226,Margin of Error; Total: - Bartenders,297
HD01_VD227,"Estimate; Total: - Combined food preparation and serving workers, including fast food",18968
HD02_VD227,"Margin of Error; Total: - Combined food preparation and serving workers, including fast food",290
HD01_VD228,"Estimate; Total: - Counter attendants, cafeteria, food concession, and coffee shop",17016
HD02_VD228,"Margin of Error; Total: - Counter attendants, cafeteria, food concession, and coffee shop",505
HD01_VD229,Estimate; Total: - Waiters and waitresses,20781
HD02_VD229,Margin of Error; Total: - Waiters and waitresses,137
HD01_VD230,"Estimate; Total: - Food servers, nonrestaurant",22345
HD02_VD230,"Margin of Error; Total: - Food servers, nonrestaurant",412
HD01_VD231,Estimate; Total: - Dining room and cafeteria attendants and bartender helpers,19937
HD02_VD231,Margin of Error; Total: - Dining room and cafeteria attendants and bartender helpers,480
HD01_VD232,Estimate; Total: - Dishwashers,17505
HD02_VD232,Margin of Error; Total: - Dishwashers,296
HD01_VD233,"Estimate; Total: - Hosts and hostesses, restaurant, lounge, and coffee shop",18779
HD02_VD233,"Margin of Error; Total: - Hosts and hostesses, restaurant, lounge, and coffee shop",665
HD01_VD234,"Estimate; Total: - Food preparation and serving related workers, all other",20385
HD02_VD234,"Margin of Error; Total: - Food preparation and serving related workers, all other",3118
HD01_VD235,Estimate; Total: - First-line supervisors of housekeeping and janitorial workers,35740
HD02_VD235,Margin of Error; Total: - First-line supervisors of housekeeping and janitorial workers,441
HD01_VD236,"Estimate; Total: - First-line supervisors of landscaping, lawn service, and groundskeeping workers",38421
HD02_VD236,"Margin of Error; Total: - First-line supervisors of landscaping, lawn service, and groundskeeping workers",1034
HD01_VD237,Estimate; Total: - Janitors and building cleaners,26872
HD02_VD237,Margin of Error; Total: - Janitors and building cleaners,114
HD01_VD238,Estimate; Total: - Maids and housekeeping cleaners,20428
HD02_VD238,Margin of Error; Total: - Maids and housekeeping cleaners,120
HD01_VD239,Estimate; Total: - Pest control workers,34624
HD02_VD239,Margin of Error; Total: - Pest control workers,1541
HD01_VD240,Estimate; Total: - Grounds maintenance workers,23795
HD02_VD240,Margin of Error; Total: - Grounds maintenance workers,229
HD01_VD241,Estimate; Total: - First-line supervisors of gaming workers,41306
HD02_VD241,Margin of Error; Total: - First-line supervisors of gaming workers,735
HD01_VD242,Estimate; Total: - First-line supervisors of personal service workers,33473
HD02_VD242,Margin of Error; Total: - First-line supervisors of personal service workers,1268
HD01_VD243,Estimate; Total: - Animal trainers,27434
HD02_VD243,Margin of Error; Total: - Animal trainers,1387
HD01_VD244,Estimate; Total: - Nonfarm animal caretakers,24713
HD02_VD244,Margin of Error; Total: - Nonfarm animal caretakers,594
HD01_VD245,Estimate; Total: - Gaming services workers,36253
HD02_VD245,Margin of Error; Total: - Gaming services workers,589
HD01_VD246,Estimate; Total: - Motion picture projectionists,22440
HD02_VD246,Margin of Error; Total: - Motion picture projectionists,4292
HD01_VD247,"Estimate; Total: - Ushers, lobby attendants, and ticket takers",21976
HD02_VD247,"Margin of Error; Total: - Ushers, lobby attendants, and ticket takers",1329
HD01_VD248,Estimate; Total: - Miscellaneous entertainment attendants and related workers,25385
HD02_VD248,Margin of Error; Total: - Miscellaneous entertainment attendants and related workers,695
HD01_VD249,Estimate; Total: - Embalmers and funeral attendants,30143
HD02_VD249,Margin of Error; Total: - Embalmers and funeral attendants,2402
HD01_VD250,"Estimate; Total: - Morticians, undertakers, and funeral directors",49229
HD02_VD250,"Margin of Error; Total: - Morticians, undertakers, and funeral directors",3111
HD01_VD251,Estimate; Total: - Barbers,23761
HD02_VD251,Margin of Error; Total: - Barbers,1162
HD01_VD252,"Estimate; Total: - Hairdressers, hairstylists, and cosmetologists",24128
HD02_VD252,"Margin of Error; Total: - Hairdressers, hairstylists, and cosmetologists",398
HD01_VD253,Estimate; Total: - Miscellaneous personal appearance workers,21194
HD02_VD253,Margin of Error; Total: - Miscellaneous personal appearance workers,286
HD01_VD254,"Estimate; Total: - Baggage porters, bellhops, and concierges",31551
HD02_VD254,"Margin of Error; Total: - Baggage porters, bellhops, and concierges",560
HD01_VD255,Estimate; Total: - Tour and travel guides,29100
HD02_VD255,Margin of Error; Total: - Tour and travel guides,2113
HD01_VD256,Estimate; Total: - Childcare workers,19719
HD02_VD256,Margin of Error; Total: - Childcare workers,239
HD01_VD257,Estimate; Total: - Personal care aides,21640
HD02_VD257,Margin of Error; Total: - Personal care aides,119
HD01_VD258,Estimate; Total: - Recreation and fitness workers,31381
HD02_VD258,Margin of Error; Total: - Recreation and fitness workers,349
HD01_VD259,Estimate; Total: - Residential advisors,26692
HD02_VD259,Margin of Error; Total: - Residential advisors,689
HD01_VD260,"Estimate; Total: - Personal care and service workers, all other",24216
HD02_VD260,"Margin of Error; Total: - Personal care and service workers, all other",1110
HD01_VD261,Estimate; Total: - First-line supervisors of retail sales workers,39188
HD02_VD261,Margin of Error; Total: - First-line supervisors of retail sales workers,277
HD01_VD262,Estimate; Total: - First-line supervisors of non-retail sales workers,59579
HD02_VD262,Margin of Error; Total: - First-line supervisors of non-retail sales workers,680
HD01_VD263,Estimate; Total: - Cashiers,20523
HD02_VD263,Margin of Error; Total: - Cashiers,116
HD01_VD264,Estimate; Total: - Counter and rental clerks,28343
HD02_VD264,Margin of Error; Total: - Counter and rental clerks,1136
HD01_VD265,Estimate; Total: - Parts salespersons,33750
HD02_VD265,Margin of Error; Total: - Parts salespersons,786
HD01_VD266,Estimate; Total: - Retail salespersons,32010
HD02_VD266,Margin of Error; Total: - Retail salespersons,135
HD01_VD267,Estimate; Total: - Advertising sales agents,53044
HD02_VD267,Margin of Error; Total: - Advertising sales agents,1318
HD01_VD268,Estimate; Total: - Insurance sales agents,50385
HD02_VD268,Margin of Error; Total: - Insurance sales agents,343
HD01_VD269,"Estimate; Total: - Securities, commodities, and financial services sales agents",75466
HD02_VD269,"Margin of Error; Total: - Securities, commodities, and financial services sales agents",1534
HD01_VD270,Estimate; Total: - Travel agents,38260
HD02_VD270,Margin of Error; Total: - Travel agents,946
HD01_VD271,"Estimate; Total: - Sales representatives, services, all other",59879
HD02_VD271,"Margin of Error; Total: - Sales representatives, services, all other",905
HD01_VD272,"Estimate; Total: - Sales representatives, wholesale and manufacturing",61779
HD02_VD272,"Margin of Error; Total: - Sales representatives, wholesale and manufacturing",313
HD01_VD273,"Estimate; Total: - Models, demonstrators, and product promoters",30392
HD02_VD273,"Margin of Error; Total: - Models, demonstrators, and product promoters",1791
HD01_VD274,Estimate; Total: - Real estate brokers and sales agents,47833
HD02_VD274,Margin of Error; Total: - Real estate brokers and sales agents,1066
HD01_VD275,Estimate; Total: - Sales engineers,96061
HD02_VD275,Margin of Error; Total: - Sales engineers,1803
HD01_VD276,Estimate; Total: - Telemarketers,25457
HD02_VD276,Margin of Error; Total: - Telemarketers,596
HD01_VD277,"Estimate; Total: - Door-to-door sales workers, news and street vendors, and related workers",26558
HD02_VD277,"Margin of Error; Total: - Door-to-door sales workers, news and street vendors, and related workers",839
HD01_VD278,"Estimate; Total: - Sales and related workers, all other",51720
HD02_VD278,"Margin of Error; Total: - Sales and related workers, all other",668
HD01_VD279,Estimate; Total: - First-line supervisors of office and administrative support workers,46749
HD02_VD279,Margin of Error; Total: - First-line supervisors of office and administrative support workers,257
HD01_VD280,"Estimate; Total: - Switchboard operators, including answering service",28319
HD02_VD280,"Margin of Error; Total: - Switchboard operators, including answering service",1676
HD01_VD281,Estimate; Total: - Telephone operators,29219
HD02_VD281,Margin of Error; Total: - Telephone operators,1021
HD01_VD282,"Estimate; Total: - Communications equipment operators, all other",43108
HD02_VD282,"Margin of Error; Total: - Communications equipment operators, all other",6419
HD01_VD283,Estimate; Total: - Bill and account collectors,33612
HD02_VD283,Margin of Error; Total: - Bill and account collectors,614
HD01_VD284,Estimate; Total: - Billing and posting clerks,32715
HD02_VD284,Margin of Error; Total: - Billing and posting clerks,280
HD01_VD285,"Estimate; Total: - Bookkeeping, accounting, and auditing clerks",36679
HD02_VD285,"Margin of Error; Total: - Bookkeeping, accounting, and auditing clerks",149
HD01_VD286,Estimate; Total: - Gaming cage workers,26820
HD02_VD286,Margin of Error; Total: - Gaming cage workers,1266
HD01_VD287,Estimate; Total: - Payroll and timekeeping clerks,39375
HD02_VD287,Margin of Error; Total: - Payroll and timekeeping clerks,569
HD01_VD288,Estimate; Total: - Procurement clerks,50555
HD02_VD288,Margin of Error; Total: - Procurement clerks,740
HD01_VD289,Estimate; Total: - Tellers,25306
HD02_VD289,Margin of Error; Total: - Tellers,151
HD01_VD290,"Estimate; Total: - Financial clerks, all other",46498
HD02_VD290,"Margin of Error; Total: - Financial clerks, all other",930
HD01_VD291,Estimate; Total: - Brokerage clerks,44675
HD02_VD291,Margin of Error; Total: - Brokerage clerks,2593
HD01_VD292,Estimate; Total: - Correspondence clerks,34479
HD02_VD292,Margin of Error; Total: - Correspondence clerks,2710
HD01_VD293,"Estimate; Total: - Court, municipal, and license clerks",37572
HD02_VD293,"Margin of Error; Total: - Court, municipal, and license clerks",737
HD01_VD294,"Estimate; Total: - Credit authorizers, checkers, and clerks",36776
HD02_VD294,"Margin of Error; Total: - Credit authorizers, checkers, and clerks",923
HD01_VD295,Estimate; Total: - Customer service representatives,32203
HD02_VD295,Margin of Error; Total: - Customer service representatives,105
HD01_VD296,"Estimate; Total: - Eligibility interviewers, government programs",42084
HD02_VD296,"Margin of Error; Total: - Eligibility interviewers, government programs",600
HD01_VD297,Estimate; Total: - File clerks,32738
HD02_VD297,Margin of Error; Total: - File clerks,444
HD01_VD298,"Estimate; Total: - Hotel, motel, and resort desk clerks",22011
HD02_VD298,"Margin of Error; Total: - Hotel, motel, and resort desk clerks",420
HD01_VD299,"Estimate; Total: - Interviewers, except eligibility and loan",31330
HD02_VD299,"Margin of Error; Total: - Interviewers, except eligibility and loan",373
HD01_VD300,"Estimate; Total: - Library assistants, clerical",29482
HD02_VD300,"Margin of Error; Total: - Library assistants, clerical",867
HD01_VD301,Estimate; Total: - Loan interviewers and clerks,39500
HD02_VD301,Margin of Error; Total: - Loan interviewers and clerks,877
HD01_VD302,Estimate; Total: - New accounts clerks,34364
HD02_VD302,Margin of Error; Total: - New accounts clerks,1685
HD01_VD303,Estimate; Total: - Order clerks,31977
HD02_VD303,Margin of Error; Total: - Order clerks,312
HD01_VD304,"Estimate; Total: - Human resources assistants, except payroll and timekeeping",39170
HD02_VD304,"Margin of Error; Total: - Human resources assistants, except payroll and timekeeping",1618
HD01_VD305,Estimate; Total: - Receptionists and information clerks,27421
HD02_VD305,Margin of Error; Total: - Receptionists and information clerks,135
HD01_VD306,Estimate; Total: - Reservation and transportation ticket agents and travel clerks,38694
HD02_VD306,Margin of Error; Total: - Reservation and transportation ticket agents and travel clerks,1662
HD01_VD307,"Estimate; Total: - Information and record clerks, all other",37089
HD02_VD307,"Margin of Error; Total: - Information and record clerks, all other",501
HD01_VD308,Estimate; Total: - Cargo and freight agents,41678
HD02_VD308,Margin of Error; Total: - Cargo and freight agents,1195
HD01_VD309,Estimate; Total: - Couriers and messengers,38463
HD02_VD309,Margin of Error; Total: - Couriers and messengers,1139
HD01_VD310,Estimate; Total: - Dispatchers,37308
HD02_VD310,Margin of Error; Total: - Dispatchers,335
HD01_VD311,"Estimate; Total: - Meter readers, utilities",36708
HD02_VD311,"Margin of Error; Total: - Meter readers, utilities",1225
HD01_VD312,Estimate; Total: - Postal service clerks,54129
HD02_VD312,Margin of Error; Total: - Postal service clerks,217
HD01_VD313,Estimate; Total: - Postal service mail carriers,56178
HD02_VD313,Margin of Error; Total: - Postal service mail carriers,157
HD01_VD314,"Estimate; Total: - Postal service mail sorters, processors, and processing machine operators",54181
HD02_VD314,"Margin of Error; Total: - Postal service mail sorters, processors, and processing machine operators",266
HD01_VD315,"Estimate; Total: - Production, planning, and expediting clerks",44725
HD02_VD315,"Margin of Error; Total: - Production, planning, and expediting clerks",716
HD01_VD316,"Estimate; Total: - Shipping, receiving, and traffic clerks",30481
HD02_VD316,"Margin of Error; Total: - Shipping, receiving, and traffic clerks",182
HD01_VD317,Estimate; Total: - Stock clerks and order fillers,26711
HD02_VD317,Margin of Error; Total: - Stock clerks and order fillers,149
HD01_VD318,"Estimate; Total: - Weighers, measurers, checkers, and samplers, recordkeeping",34592
HD02_VD318,"Margin of Error; Total: - Weighers, measurers, checkers, and samplers, recordkeeping",1201
HD01_VD319,Estimate; Total: - Secretaries and administrative assistants,35824
HD02_VD319,Margin of Error; Total: - Secretaries and administrative assistants,80
HD01_VD320,Estimate; Total: - Computer operators,42373
HD02_VD320,Margin of Error; Total: - Computer operators,620
HD01_VD321,Estimate; Total: - Data entry keyers,31918
HD02_VD321,Margin of Error; Total: - Data entry keyers,214
HD01_VD322,Estimate; Total: - Word processors and typists,33458
HD02_VD322,Margin of Error; Total: - Word processors and typists,425
HD01_VD323,Estimate; Total: - Desktop publishers,47308
HD02_VD323,Margin of Error; Total: - Desktop publishers,2931
HD01_VD324,Estimate; Total: - Insurance claims and policy processing clerks,36107
HD02_VD324,Margin of Error; Total: - Insurance claims and policy processing clerks,292
HD01_VD325,"Estimate; Total: - Mail clerks and mail machine operators, except postal service",29304
HD02_VD325,"Margin of Error; Total: - Mail clerks and mail machine operators, except postal service",557
HD01_VD326,"Estimate; Total: - Office clerks, general",33358
HD02_VD326,"Margin of Error; Total: - Office clerks, general",282
HD01_VD327,"Estimate; Total: - Office machine operators, except computer",32167
HD02_VD327,"Margin of Error; Total: - Office machine operators, except computer",586
HD01_VD328,Estimate; Total: - Proofreaders and copy markers,33554
HD02_VD328,Margin of Error; Total: - Proofreaders and copy markers,3203
HD01_VD329,Estimate; Total: - Statistical assistants,43291
HD02_VD329,Margin of Error; Total: - Statistical assistants,2040
HD01_VD330,"Estimate; Total: - Office and administrative support workers, all other",38815
HD02_VD330,"Margin of Error; Total: - Office and administrative support workers, all other",404
HD01_VD331,"Estimate; Total: - First-line supervisors of farming, fishing, and forestry workers",39141
HD02_VD331,"Margin of Error; Total: - First-line supervisors of farming, fishing, and forestry workers",1574
HD01_VD332,Estimate; Total: - Agricultural inspectors,48808
HD02_VD332,Margin of Error; Total: - Agricultural inspectors,1951
HD01_VD333,Estimate; Total: - Animal breeders,30943
HD02_VD333,Margin of Error; Total: - Animal breeders,1956
HD01_VD334,"Estimate; Total: - Graders and sorters, agricultural products",20477
HD02_VD334,"Margin of Error; Total: - Graders and sorters, agricultural products",470
HD01_VD335,Estimate; Total: - Miscellaneous agricultural workers,23069
HD02_VD335,Margin of Error; Total: - Miscellaneous agricultural workers,228
HD01_VD336,Estimate; Total: - Fishing and hunting workers,34241
HD02_VD336,Margin of Error; Total: - Fishing and hunting workers,3854
HD01_VD337,Estimate; Total: - Forest and conservation workers,33076
HD02_VD337,Margin of Error; Total: - Forest and conservation workers,3327
HD01_VD338,Estimate; Total: - Logging workers,30681
HD02_VD338,Margin of Error; Total: - Logging workers,569
HD01_VD339,Estimate; Total: - First-line supervisors of construction trades and extraction workers,55343
HD02_VD339,Margin of Error; Total: - First-line supervisors of construction trades and extraction workers,448
HD01_VD340,Estimate; Total: - Boilermakers,52427
HD02_VD340,Margin of Error; Total: - Boilermakers,1646
HD01_VD341,"Estimate; Total: - Brickmasons, blockmasons, and stonemasons",33401
HD02_VD341,"Margin of Error; Total: - Brickmasons, blockmasons, and stonemasons",1667
HD01_VD342,Estimate; Total: - Carpenters,34726
HD02_VD342,Margin of Error; Total: - Carpenters,467
HD01_VD343,"Estimate; Total: - Carpet, floor, and tile installers and finishers",30177
HD02_VD343,"Margin of Error; Total: - Carpet, floor, and tile installers and finishers",659
HD01_VD344,"Estimate; Total: - Cement masons, concrete finishers, and terrazzo workers",33311
HD02_VD344,"Margin of Error; Total: - Cement masons, concrete finishers, and terrazzo workers",1888
HD01_VD345,Estimate; Total: - Construction laborers,31219
HD02_VD345,Margin of Error; Total: - Construction laborers,152
HD01_VD346,"Estimate; Total: - Paving, surfacing, and tamping equipment operators",35250
HD02_VD346,"Margin of Error; Total: - Paving, surfacing, and tamping equipment operators",3081
HD01_VD347,"Estimate; Total: - Operating engineers and other construction equipment operators, including pile-driver operators",42681
HD02_VD347,"Margin of Error; Total: - Operating engineers and other construction equipment operators, including pile-driver operators",647
HD01_VD348,"Estimate; Total: - Drywall installers, ceiling tile installers, and tapers",28443
HD02_VD348,"Margin of Error; Total: - Drywall installers, ceiling tile installers, and tapers",994
HD01_VD349,Estimate; Total: - Electricians,49944
HD02_VD349,Margin of Error; Total: - Electricians,457
HD01_VD350,Estimate; Total: - Glaziers,36775
HD02_VD350,Margin of Error; Total: - Glaziers,1313
HD01_VD351,Estimate; Total: - Insulation workers,36852
HD02_VD351,Margin of Error; Total: - Insulation workers,882
HD01_VD352,"Estimate; Total: - Painters, construction and maintenance",30060
HD02_VD352,"Margin of Error; Total: - Painters, construction and maintenance",342
HD01_VD353,Estimate; Total: - Paperhangers,40520
HD02_VD353,Margin of Error; Total: - Paperhangers,8459
HD01_VD354,"Estimate; Total: - Pipelayers, plumbers, pipefitters, and steamfitters",43798
HD02_VD354,"Margin of Error; Total: - Pipelayers, plumbers, pipefitters, and steamfitters",701
HD01_VD355,Estimate; Total: - Plasterers and stucco masons,28977
HD02_VD355,Margin of Error; Total: - Plasterers and stucco masons,3622
HD01_VD356,Estimate; Total: - Reinforcing iron and rebar workers,34816
HD02_VD356,Margin of Error; Total: - Reinforcing iron and rebar workers,5265
HD01_VD357,Estimate; Total: - Roofers,29230
HD02_VD357,Margin of Error; Total: - Roofers,1083
HD01_VD358,Estimate; Total: - Sheet metal workers,41634
HD02_VD358,Margin of Error; Total: - Sheet metal workers,487
HD01_VD359,Estimate; Total: - Structural iron and steel workers,44136
HD02_VD359,Margin of Error; Total: - Structural iron and steel workers,1685
HD01_VD360,"Estimate; Total: - Helpers, construction trades",26964
HD02_VD360,"Margin of Error; Total: - Helpers, construction trades",750
HD01_VD361,Estimate; Total: - Construction and building inspectors,52186
HD02_VD361,Margin of Error; Total: - Construction and building inspectors,749
HD01_VD362,Estimate; Total: - Elevator installers and repairers,82755
HD02_VD362,Margin of Error; Total: - Elevator installers and repairers,2102
HD01_VD363,Estimate; Total: - Fence erectors,30464
HD02_VD363,Margin of Error; Total: - Fence erectors,928
HD01_VD364,Estimate; Total: - Hazardous materials removal workers,40078
HD02_VD364,Margin of Error; Total: - Hazardous materials removal workers,1607
HD01_VD365,Estimate; Total: - Highway maintenance workers,37186
HD02_VD365,Margin of Error; Total: - Highway maintenance workers,471
HD01_VD366,Estimate; Total: - Rail-track laying and maintenance equipment operators,52068
HD02_VD366,Margin of Error; Total: - Rail-track laying and maintenance equipment operators,1029
HD01_VD367,Estimate; Total: - Septic tank servicers and sewer pipe cleaners,39489
HD02_VD367,Margin of Error; Total: - Septic tank servicers and sewer pipe cleaners,2463
HD01_VD368,"Estimate; Total: - Miscellaneous construction and related workers, including solar photovoltaic installers",37431
HD02_VD368,"Margin of Error; Total: - Miscellaneous construction and related workers, including solar photovoltaic installers",1867
HD01_VD369,"Estimate; Total: - Derrick, rotary drill, and service unit operators, oil, gas, and mining",62379
HD02_VD369,"Margin of Error; Total: - Derrick, rotary drill, and service unit operators, oil, gas, and mining",1845
HD01_VD370,"Estimate; Total: - Earth drillers, except oil and gas",50447
HD02_VD370,"Margin of Error; Total: - Earth drillers, except oil and gas",2739
HD01_VD371,"Estimate; Total: - Explosives workers, ordnance handling experts, and blasters",52904
HD02_VD371,"Margin of Error; Total: - Explosives workers, ordnance handling experts, and blasters",3963
HD01_VD372,Estimate; Total: - Mining machine operators,61042
HD02_VD372,Margin of Error; Total: - Mining machine operators,733
HD01_VD373,"Estimate; Total: - Roof bolters, mining",67058
HD02_VD373,"Margin of Error; Total: - Roof bolters, mining",4565
HD01_VD374,"Estimate; Total: - Roustabouts, oil and gas",41353
HD02_VD374,"Margin of Error; Total: - Roustabouts, oil and gas",1329
HD01_VD375,Estimate; Total: - Helpers--extraction workers,48381
HD02_VD375,Margin of Error; Total: - Helpers--extraction workers,2594
HD01_VD376,Estimate; Total: - Other extraction workers,50292
HD02_VD376,Margin of Error; Total: - Other extraction workers,1094
HD01_VD377,"Estimate; Total: - First-line supervisors of mechanics, installers, and repairers",56597
HD02_VD377,"Margin of Error; Total: - First-line supervisors of mechanics, installers, and repairers",621
HD01_VD378,"Estimate; Total: - Computer, automated teller, and office machine repairers",44002
HD02_VD378,"Margin of Error; Total: - Computer, automated teller, and office machine repairers",701
HD01_VD379,Estimate; Total: - Radio and telecommunications equipment installers and repairers,54509
HD02_VD379,Margin of Error; Total: - Radio and telecommunications equipment installers and repairers,1006
HD01_VD380,Estimate; Total: - Avionics technicians,51687
HD02_VD380,Margin of Error; Total: - Avionics technicians,1510
HD01_VD381,"Estimate; Total: - Electric motor, power tool, and related repairers",45313
HD02_VD381,"Margin of Error; Total: - Electric motor, power tool, and related repairers",2425
HD01_VD382,"Estimate; Total: - Electrical and electronics installers and repairers, transportation equipment",55735
HD02_VD382,"Margin of Error; Total: - Electrical and electronics installers and repairers, transportation equipment",2215
HD01_VD383,"Estimate; Total: - Electrical and electronics repairers, industrial and utility",64936
HD02_VD383,"Margin of Error; Total: - Electrical and electronics repairers, industrial and utility",2348
HD01_VD384,"Estimate; Total: - Electronic equipment installers and repairers, motor vehicles",41485
HD02_VD384,"Margin of Error; Total: - Electronic equipment installers and repairers, motor vehicles",1545
HD01_VD385,Estimate; Total: - Electronic home entertainment equipment installers and repairers,37958
HD02_VD385,Margin of Error; Total: - Electronic home entertainment equipment installers and repairers,2423
HD01_VD386,Estimate; Total: - Security and fire alarm systems installers,42476
HD02_VD386,Margin of Error; Total: - Security and fire alarm systems installers,1276
HD01_VD387,Estimate; Total: - Aircraft mechanics and service technicians,55918
HD02_VD387,Margin of Error; Total: - Aircraft mechanics and service technicians,680
HD01_VD388,Estimate; Total: - Automotive body and related repairers,37400
HD02_VD388,Margin of Error; Total: - Automotive body and related repairers,789
HD01_VD389,Estimate; Total: - Automotive glass installers and repairers,35532
HD02_VD389,Margin of Error; Total: - Automotive glass installers and repairers,1448
HD01_VD390,Estimate; Total: - Automotive service technicians and mechanics,35812
HD02_VD390,Margin of Error; Total: - Automotive service technicians and mechanics,220
HD01_VD391,Estimate; Total: - Bus and truck mechanics and diesel engine specialists,42452
HD02_VD391,Margin of Error; Total: - Bus and truck mechanics and diesel engine specialists,330
HD01_VD392,Estimate; Total: - Heavy vehicle and mobile equipment service technicians and mechanics,48672
HD02_VD392,Margin of Error; Total: - Heavy vehicle and mobile equipment service technicians and mechanics,923
HD01_VD393,Estimate; Total: - Small engine mechanics,32623
HD02_VD393,Margin of Error; Total: - Small engine mechanics,1263
HD01_VD394,"Estimate; Total: - Miscellaneous vehicle and mobile equipment mechanics, installers, and repairers",26847
HD02_VD394,"Margin of Error; Total: - Miscellaneous vehicle and mobile equipment mechanics, installers, and repairers",470
HD01_VD395,Estimate; Total: - Control and valve installers and repairers,48873
HD02_VD395,Margin of Error; Total: - Control and valve installers and repairers,3080
HD01_VD396,"Estimate; Total: - Heating, air conditioning, and refrigeration mechanics and installers",42406
HD02_VD396,"Margin of Error; Total: - Heating, air conditioning, and refrigeration mechanics and installers",353
HD01_VD397,Estimate; Total: - Home appliance repairers,38485
HD02_VD397,Margin of Error; Total: - Home appliance repairers,2295
HD01_VD398,Estimate; Total: - Industrial and refractory machinery mechanics,49586
HD02_VD398,Margin of Error; Total: - Industrial and refractory machinery mechanics,554
HD01_VD399,"Estimate; Total: - Maintenance and repair workers, general",41675
HD02_VD399,"Margin of Error; Total: - Maintenance and repair workers, general",205
HD01_VD400,"Estimate; Total: - Maintenance workers, machinery",44604
HD02_VD400,"Margin of Error; Total: - Maintenance workers, machinery",1194
HD01_VD401,Estimate; Total: - Millwrights,57109
HD02_VD401,Margin of Error; Total: - Millwrights,1216
HD01_VD402,Estimate; Total: - Electrical power-line installers and repairers,67383
HD02_VD402,Margin of Error; Total: - Electrical power-line installers and repairers,1500
HD01_VD403,Estimate; Total: - Telecommunications line installers and repairers,50135
HD02_VD403,Margin of Error; Total: - Telecommunications line installers and repairers,894
HD01_VD404,Estimate; Total: - Precision instrument and equipment repairers,50421
HD02_VD404,Margin of Error; Total: - Precision instrument and equipment repairers,1156
HD01_VD405,"Estimate; Total: - Coin, vending, and amusement machine servicers and repairers",34957
HD02_VD405,"Margin of Error; Total: - Coin, vending, and amusement machine servicers and repairers",1013
HD01_VD406,Estimate; Total: - Commercial divers,52165
HD02_VD406,Margin of Error; Total: - Commercial divers,4822
HD01_VD407,Estimate; Total: - Locksmiths and safe repairers,40270
HD02_VD407,Margin of Error; Total: - Locksmiths and safe repairers,1154
HD01_VD408,Estimate; Total: - Manufactured building and mobile home installers,29416
HD02_VD408,Margin of Error; Total: - Manufactured building and mobile home installers,4174
HD01_VD409,Estimate; Total: - Riggers,50344
HD02_VD409,Margin of Error; Total: - Riggers,4604
HD01_VD410,Estimate; Total: - Signal and track switch repairers,68492
HD02_VD410,Margin of Error; Total: - Signal and track switch repairers,3909
HD01_VD411,"Estimate; Total: - Helpers--installation, maintenance, and repair workers",25920
HD02_VD411,"Margin of Error; Total: - Helpers--installation, maintenance, and repair workers",1563
HD01_VD412,"Estimate; Total: - Other installation, maintenance, and repair workers, including wind turbine service technicians",37266
HD02_VD412,"Margin of Error; Total: - Other installation, maintenance, and repair workers, including wind turbine service technicians",457
HD01_VD413,Estimate; Total: - First-line supervisors of production and operating workers,51971
HD02_VD413,Margin of Error; Total: - First-line supervisors of production and operating workers,229
HD01_VD414,"Estimate; Total: - Aircraft structure, surfaces, rigging, and systems assemblers",42248
HD02_VD414,"Margin of Error; Total: - Aircraft structure, surfaces, rigging, and systems assemblers",3271
HD01_VD415,"Estimate; Total: - Electrical, electronics, and electromechanical assemblers",29664
HD02_VD415,"Margin of Error; Total: - Electrical, electronics, and electromechanical assemblers",525
HD01_VD416,Estimate; Total: - Engine and other machine assemblers,40696
HD02_VD416,Margin of Error; Total: - Engine and other machine assemblers,2545
HD01_VD417,Estimate; Total: - Structural metal fabricators and fitters,41767
HD02_VD417,Margin of Error; Total: - Structural metal fabricators and fitters,1153
HD01_VD418,Estimate; Total: - Miscellaneous assemblers and fabricators,30905
HD02_VD418,Margin of Error; Total: - Miscellaneous assemblers and fabricators,143
HD01_VD419,Estimate; Total: - Bakers,24180
HD02_VD419,Margin of Error; Total: - Bakers,491
HD01_VD420,"Estimate; Total: - Butchers and other meat, poultry, and fish processing workers",27235
HD02_VD420,"Margin of Error; Total: - Butchers and other meat, poultry, and fish processing workers",292
HD01_VD421,"Estimate; Total: - Food and tobacco roasting, baking, and drying machine operators and tenders",30149
HD02_VD421,"Margin of Error; Total: - Food and tobacco roasting, baking, and drying machine operators and tenders",1651
HD01_VD422,Estimate; Total: - Food batchmakers,26797
HD02_VD422,Margin of Error; Total: - Food batchmakers,653
HD01_VD423,Estimate; Total: - Food cooking machine operators and tenders,30178
HD02_VD423,Margin of Error; Total: - Food cooking machine operators and tenders,2194
HD01_VD424,"Estimate; Total: - Food processing workers, all other",31262
HD02_VD424,"Margin of Error; Total: - Food processing workers, all other",556
HD01_VD425,Estimate; Total: - Computer control programmers and operators,42262
HD02_VD425,Margin of Error; Total: - Computer control programmers and operators,593
HD01_VD426,"Estimate; Total: - Extruding and drawing machine setters, operators, and tenders, metal and plastic",35833
HD02_VD426,"Margin of Error; Total: - Extruding and drawing machine setters, operators, and tenders, metal and plastic",811
HD01_VD427,"Estimate; Total: - Forging machine setters, operators, and tenders, metal and plastic",40763
HD02_VD427,"Margin of Error; Total: - Forging machine setters, operators, and tenders, metal and plastic",1100
HD01_VD428,"Estimate; Total: - Rolling machine setters, operators, and tenders, metal and plastic",36167
HD02_VD428,"Margin of Error; Total: - Rolling machine setters, operators, and tenders, metal and plastic",1619
HD01_VD429,"Estimate; Total: - Cutting, punching, and press machine setters, operators, and tenders, metal and plastic",32055
HD02_VD429,"Margin of Error; Total: - Cutting, punching, and press machine setters, operators, and tenders, metal and plastic",405
HD01_VD430,"Estimate; Total: - Drilling and boring machine tool setters, operators, and tenders, metal and plastic",31598
HD02_VD430,"Margin of Error; Total: - Drilling and boring machine tool setters, operators, and tenders, metal and plastic",1561
HD01_VD431,"Estimate; Total: - Grinding, lapping, polishing, and buffing machine tool setters, operators, and tenders, metal and plastic",33361
HD02_VD431,"Margin of Error; Total: - Grinding, lapping, polishing, and buffing machine tool setters, operators, and tenders, metal and plastic",1711
HD01_VD432,"Estimate; Total: - Lathe and turning machine tool setters, operators, and tenders, metal and plastic",36119
HD02_VD432,"Margin of Error; Total: - Lathe and turning machine tool setters, operators, and tenders, metal and plastic",1191
HD01_VD433,"Estimate; Total: - Milling and planing machine setters, operators, and tenders, metal and plastic",35695
HD02_VD433,"Margin of Error; Total: - Milling and planing machine setters, operators, and tenders, metal and plastic",3075
HD01_VD434,Estimate; Total: - Machinists,44827
HD02_VD434,Margin of Error; Total: - Machinists,484
HD01_VD435,"Estimate; Total: - Metal furnace operators, tenders, pourers, and casters",43145
HD02_VD435,"Margin of Error; Total: - Metal furnace operators, tenders, pourers, and casters",2090
HD01_VD436,"Estimate; Total: - Model makers and patternmakers, metal and plastic",49702
HD02_VD436,"Margin of Error; Total: - Model makers and patternmakers, metal and plastic",3454
HD01_VD437,"Estimate; Total: - Molders and molding machine setters, operators, and tenders, metal and plastic",35060
HD02_VD437,"Margin of Error; Total: - Molders and molding machine setters, operators, and tenders, metal and plastic",984
HD01_VD438,"Estimate; Total: - Multiple machine tool setters, operators, and tenders, metal and plastic",40697
HD02_VD438,"Margin of Error; Total: - Multiple machine tool setters, operators, and tenders, metal and plastic",4687
HD01_VD439,Estimate; Total: - Tool and die makers,52769
HD02_VD439,Margin of Error; Total: - Tool and die makers,849
HD01_VD440,"Estimate; Total: - Welding, soldering, and brazing workers",38112
HD02_VD440,"Margin of Error; Total: - Welding, soldering, and brazing workers",455
HD01_VD441,"Estimate; Total: - Heat treating equipment setters, operators, and tenders, metal and plastic",41308
HD02_VD441,"Margin of Error; Total: - Heat treating equipment setters, operators, and tenders, metal and plastic",1396
HD01_VD442,"Estimate; Total: - Layout workers, metal and plastic",45348
HD02_VD442,"Margin of Error; Total: - Layout workers, metal and plastic",3433
HD01_VD443,"Estimate; Total: - Plating and coating machine setters, operators, and tenders, metal and plastic",33498
HD02_VD443,"Margin of Error; Total: - Plating and coating machine setters, operators, and tenders, metal and plastic",1479
HD01_VD444,"Estimate; Total: - Tool grinders, filers, and sharpeners",37824
HD02_VD444,"Margin of Error; Total: - Tool grinders, filers, and sharpeners",4212
HD01_VD445,"Estimate; Total: - Metal workers and plastic workers, all other",33516
HD02_VD445,"Margin of Error; Total: - Metal workers and plastic workers, all other",471
HD01_VD446,Estimate; Total: - Prepress technicians and workers,34037
HD02_VD446,Margin of Error; Total: - Prepress technicians and workers,1656
HD01_VD447,"Estimate; Total: - Printing workers, except prepress technicians and workers",35473
HD02_VD447,"Margin of Error; Total: - Printing workers, except prepress technicians and workers",454
HD01_VD448,Estimate; Total: - Laundry and dry-cleaning workers,21535
HD02_VD448,Margin of Error; Total: - Laundry and dry-cleaning workers,253
HD01_VD449,"Estimate; Total: - Pressers, textile, garment, and related materials",21448
HD02_VD449,"Margin of Error; Total: - Pressers, textile, garment, and related materials",407
HD01_VD450,Estimate; Total: - Sewing machine operators,20844
HD02_VD450,Margin of Error; Total: - Sewing machine operators,273
HD01_VD451,Estimate; Total: - Shoe and leather workers and repairers,25686
HD02_VD451,Margin of Error; Total: - Shoe and leather workers and repairers,1756
HD01_VD452,Estimate; Total: - Shoe machine operators and tenders,23556
HD02_VD452,Margin of Error; Total: - Shoe machine operators and tenders,1901
HD01_VD453,"Estimate; Total: - Tailors, dressmakers, and sewers",24242
HD02_VD453,"Margin of Error; Total: - Tailors, dressmakers, and sewers",792
HD01_VD454,Estimate; Total: - Textile bleaching and dyeing machine operators and tenders,28840
HD02_VD454,Margin of Error; Total: - Textile bleaching and dyeing machine operators and tenders,2968
HD01_VD455,"Estimate; Total: - Textile cutting machine setters, operators, and tenders",23192
HD02_VD455,"Margin of Error; Total: - Textile cutting machine setters, operators, and tenders",1874
HD01_VD456,"Estimate; Total: - Textile knitting and weaving machine setters, operators, and tenders",26803
HD02_VD456,"Margin of Error; Total: - Textile knitting and weaving machine setters, operators, and tenders",1372
HD01_VD457,"Estimate; Total: - Textile winding, twisting, and drawing out machine setters, operators, and tenders",25231
HD02_VD457,"Margin of Error; Total: - Textile winding, twisting, and drawing out machine setters, operators, and tenders",734
HD01_VD458,Estimate; Total: - Fabric and apparel patternmakers,55106
HD02_VD458,Margin of Error; Total: - Fabric and apparel patternmakers,4372
HD01_VD459,Estimate; Total: - Upholsterers,29601
HD02_VD459,Margin of Error; Total: - Upholsterers,1304
HD01_VD460,"Estimate; Total: - Miscellaneous textile, apparel, and furnishings workers, including extruding and forming machine setters, operators, and tenders, synthetic and glass fibers",25683
HD02_VD460,"Margin of Error; Total: - Miscellaneous textile, apparel, and furnishings workers, including extruding and forming machine setters, operators, and tenders, synthetic and glass fibers",757
HD01_VD461,Estimate; Total: - Cabinetmakers and bench carpenters,31888
HD02_VD461,Margin of Error; Total: - Cabinetmakers and bench carpenters,721
HD01_VD462,Estimate; Total: - Furniture finishers,29342
HD02_VD462,Margin of Error; Total: - Furniture finishers,1906
HD01_VD463,"Estimate; Total: - Sawing machine setters, operators, and tenders, wood",26537
HD02_VD463,"Margin of Error; Total: - Sawing machine setters, operators, and tenders, wood",569
HD01_VD464,"Estimate; Total: - Woodworking machine setters, operators, and tenders, except sawing",26555
HD02_VD464,"Margin of Error; Total: - Woodworking machine setters, operators, and tenders, except sawing",781
HD01_VD465,"Estimate; Total: - Miscellaneous woodworkers, including model makers and patternmakers",31827
HD02_VD465,"Margin of Error; Total: - Miscellaneous woodworkers, including model makers and patternmakers",960
HD01_VD466,"Estimate; Total: - Power plant operators, distributors, and dispatchers",81194
HD02_VD466,"Margin of Error; Total: - Power plant operators, distributors, and dispatchers",1426
HD01_VD467,Estimate; Total: - Stationary engineers and boiler operators,56183
HD02_VD467,Margin of Error; Total: - Stationary engineers and boiler operators,1594
HD01_VD468,Estimate; Total: - Water and wastewater treatment plant and system operators,45873
HD02_VD468,Margin of Error; Total: - Water and wastewater treatment plant and system operators,548
HD01_VD469,Estimate; Total: - Miscellaneous plant and system operators,62403
HD02_VD469,Margin of Error; Total: - Miscellaneous plant and system operators,1673
HD01_VD470,"Estimate; Total: - Chemical processing machine setters, operators, and tenders",51754
HD02_VD470,"Margin of Error; Total: - Chemical processing machine setters, operators, and tenders",1126
HD01_VD471,"Estimate; Total: - Crushing, grinding, polishing, mixing, and blending workers",35725
HD02_VD471,"Margin of Error; Total: - Crushing, grinding, polishing, mixing, and blending workers",653
HD01_VD472,Estimate; Total: - Cutting workers,29132
HD02_VD472,Margin of Error; Total: - Cutting workers,964
HD01_VD473,"Estimate; Total: - Extruding, forming, pressing, and compacting machine setters, operators, and tenders",34790
HD02_VD473,"Margin of Error; Total: - Extruding, forming, pressing, and compacting machine setters, operators, and tenders",1491
HD01_VD474,"Estimate; Total: - Furnace, kiln, oven, drier, and kettle operators and tenders",40158
HD02_VD474,"Margin of Error; Total: - Furnace, kiln, oven, drier, and kettle operators and tenders",4032
HD01_VD475,"Estimate; Total: - Inspectors, testers, sorters, samplers, and weighers",39084
HD02_VD475,"Margin of Error; Total: - Inspectors, testers, sorters, samplers, and weighers",466
HD01_VD476,Estimate; Total: - Jewelers and precious stone and metal workers,32217
HD02_VD476,Margin of Error; Total: - Jewelers and precious stone and metal workers,1392
HD01_VD477,"Estimate; Total: - Medical, dental, and ophthalmic laboratory technicians",35272
HD02_VD477,"Margin of Error; Total: - Medical, dental, and ophthalmic laboratory technicians",732
HD01_VD478,Estimate; Total: - Packaging and filling machine operators and tenders,25615
HD02_VD478,Margin of Error; Total: - Packaging and filling machine operators and tenders,271
HD01_VD479,Estimate; Total: - Painting workers,33700
HD02_VD479,Margin of Error; Total: - Painting workers,978
HD01_VD480,Estimate; Total: - Photographic process workers and processing machine operators,25542
HD02_VD480,Margin of Error; Total: - Photographic process workers and processing machine operators,1270
HD01_VD481,Estimate; Total: - Semiconductor processors,41822
HD02_VD481,Margin of Error; Total: - Semiconductor processors,2978
HD01_VD482,Estimate; Total: - Adhesive bonding machine operators and tenders,30366
HD02_VD482,Margin of Error; Total: - Adhesive bonding machine operators and tenders,1701
HD01_VD483,"Estimate; Total: - Cleaning, washing, and metal pickling equipment operators and tenders",30138
HD02_VD483,"Margin of Error; Total: - Cleaning, washing, and metal pickling equipment operators and tenders",2650
HD01_VD484,Estimate; Total: - Cooling and freezing equipment operators and tenders,40337
HD02_VD484,Margin of Error; Total: - Cooling and freezing equipment operators and tenders,3519
HD01_VD485,Estimate; Total: - Etchers and engravers,30646
HD02_VD485,Margin of Error; Total: - Etchers and engravers,1205
HD01_VD486,"Estimate; Total: - Molders, shapers, and casters, except metal and plastic",31500
HD02_VD486,"Margin of Error; Total: - Molders, shapers, and casters, except metal and plastic",845
HD01_VD487,"Estimate; Total: - Paper goods machine setters, operators, and tenders",40048
HD02_VD487,"Margin of Error; Total: - Paper goods machine setters, operators, and tenders",2852
HD01_VD488,Estimate; Total: - Tire builders,46995
HD02_VD488,Margin of Error; Total: - Tire builders,3082
HD01_VD489,Estimate; Total: - Helpers--production workers,27120
HD02_VD489,Margin of Error; Total: - Helpers--production workers,712
HD01_VD490,"Estimate; Total: - Production workers, all other",32792
HD02_VD490,"Margin of Error; Total: - Production workers, all other",277
HD01_VD491,Estimate; Total: - Supervisors of transportation and material moving workers,50112
HD02_VD491,Margin of Error; Total: - Supervisors of transportation and material moving workers,531
HD01_VD492,Estimate; Total: - Aircraft pilots and flight engineers,100201
HD02_VD492,Margin of Error; Total: - Aircraft pilots and flight engineers,1995
HD01_VD493,Estimate; Total: - Air traffic controllers and airfield operations specialists,81421
HD02_VD493,Margin of Error; Total: - Air traffic controllers and airfield operations specialists,5745
HD01_VD494,Estimate; Total: - Flight attendants,42295
HD02_VD494,Margin of Error; Total: - Flight attendants,768
HD01_VD495,"Estimate; Total: - Ambulance drivers and attendants, except emergency medical technicians",25873
HD02_VD495,"Margin of Error; Total: - Ambulance drivers and attendants, except emergency medical technicians",1261
HD01_VD496,Estimate; Total: - Bus drivers,32775
HD02_VD496,Margin of Error; Total: - Bus drivers,516
HD01_VD497,Estimate; Total: - Driver/sales workers and truck drivers,40522
HD02_VD497,Margin of Error; Total: - Driver/sales workers and truck drivers,104
HD01_VD498,Estimate; Total: - Taxi drivers and chauffeurs,26713
HD02_VD498,Margin of Error; Total: - Taxi drivers and chauffeurs,352
HD01_VD499,"Estimate; Total: - Motor vehicle operators, all other",27252
HD02_VD499,"Margin of Error; Total: - Motor vehicle operators, all other",1401
HD01_VD500,Estimate; Total: - Locomotive engineers and operators,75634
HD02_VD500,Margin of Error; Total: - Locomotive engineers and operators,1426
HD01_VD501,"Estimate; Total: - Railroad brake, signal, and switch operators",60643
HD02_VD501,"Margin of Error; Total: - Railroad brake, signal, and switch operators",1300
HD01_VD502,Estimate; Total: - Railroad conductors and yardmasters,64588
HD02_VD502,Margin of Error; Total: - Railroad conductors and yardmasters,1123
HD01_VD503,"Estimate; Total: - Subway, streetcar, and other rail transportation workers",55742
HD02_VD503,"Margin of Error; Total: - Subway, streetcar, and other rail transportation workers",2472
HD01_VD504,Estimate; Total: - Sailors and marine oilers,45794
HD02_VD504,Margin of Error; Total: - Sailors and marine oilers,3005
HD01_VD505,Estimate; Total: - Ship and boat captains and operators,70290
HD02_VD505,Margin of Error; Total: - Ship and boat captains and operators,4581
HD01_VD506,Estimate; Total: - Ship engineers,78304
HD02_VD506,Margin of Error; Total: - Ship engineers,9763
HD01_VD507,Estimate; Total: - Bridge and lock tenders,51799
HD02_VD507,Margin of Error; Total: - Bridge and lock tenders,4219
HD01_VD508,Estimate; Total: - Parking lot attendants,22915
HD02_VD508,Margin of Error; Total: - Parking lot attendants,882
HD01_VD509,Estimate; Total: - Automotive and watercraft service attendants,22177
HD02_VD509,Margin of Error; Total: - Automotive and watercraft service attendants,388
HD01_VD510,Estimate; Total: - Transportation inspectors,55148
HD02_VD510,Margin of Error; Total: - Transportation inspectors,1596
HD01_VD511,"Estimate; Total: - Transportation attendants, except flight attendants",30229
HD02_VD511,"Margin of Error; Total: - Transportation attendants, except flight attendants",3012
HD01_VD512,Estimate; Total: - Other transportation workers,40395
HD02_VD512,Margin of Error; Total: - Other transportation workers,1584
HD01_VD513,Estimate; Total: - Conveyor operators and tenders,36597
HD02_VD513,Margin of Error; Total: - Conveyor operators and tenders,1313
HD01_VD514,Estimate; Total: - Crane and tower operators,51896
HD02_VD514,Margin of Error; Total: - Crane and tower operators,843
HD01_VD515,"Estimate; Total: - Dredge, excavating, and loading machine operators",41661
HD02_VD515,"Margin of Error; Total: - Dredge, excavating, and loading machine operators",1024
HD01_VD516,Estimate; Total: - Hoist and winch operators,41950
HD02_VD516,Margin of Error; Total: - Hoist and winch operators,4676
HD01_VD517,Estimate; Total: - Industrial truck and tractor operators,31084
HD02_VD517,Margin of Error; Total: - Industrial truck and tractor operators,170
HD01_VD518,Estimate; Total: - Cleaners of vehicles and equipment,23824
HD02_VD518,Margin of Error; Total: - Cleaners of vehicles and equipment,411
HD01_VD519,"Estimate; Total: - Laborers and freight, stock, and material movers, hand",29671
HD02_VD519,"Margin of Error; Total: - Laborers and freight, stock, and material movers, hand",199
HD01_VD520,Estimate; Total: - Machine feeders and offbearers,27773
HD02_VD520,Margin of Error; Total: - Machine feeders and offbearers,2064
HD01_VD521,"Estimate; Total: - Packers and packagers, hand",22299
HD02_VD521,"Margin of Error; Total: - Packers and packagers, hand",194
HD01_VD522,Estimate; Total: - Pumping station operators,57464
HD02_VD522,Margin of Error; Total: - Pumping station operators,2461
HD01_VD523,Estimate; Total: - Refuse and recyclable material collectors,29891
HD02_VD523,Margin of Error; Total: - Refuse and recyclable material collectors,955
HD01_VD524,Estimate; Total: - Mine shuttle car operators,70218
HD02_VD524,Margin of Error; Total: - Mine shuttle car operators,10915
HD01_VD525,"Estimate; Total: - Tank car, truck, and ship loaders",41307
HD02_VD525,"Margin of Error; Total: - Tank car, truck, and ship loaders",2567
HD01_VD526,"Estimate; Total: - Material moving workers, all other",35813
HD02_VD526,"Margin of Error; Total: - Material moving workers, all other",1058
