GEO.id,Id
GEO.id2,Id2
GEO.display-label,Geography
HD01_VD01,Estimate; Total:
HD02_VD01,Margin of Error; Total:
HD01_VD02,Estimate; Total: - Chief executives
HD02_VD02,Margin of Error; Total: - Chief executives
HD01_VD03,Estimate; Total: - General and operations managers
HD02_VD03,Margin of Error; Total: - General and operations managers
HD01_VD04,Estimate; Total: - Legislators
HD02_VD04,Margin of Error; Total: - Legislators
HD01_VD05,Estimate; Total: - Advertising and promotions managers
HD02_VD05,Margin of Error; Total: - Advertising and promotions managers
HD01_VD06,Estimate; Total: - Marketing and sales managers
HD02_VD06,Margin of Error; Total: - Marketing and sales managers
HD01_VD07,Estimate; Total: - Public relations and fundraising managers
HD02_VD07,Margin of Error; Total: - Public relations and fundraising managers
HD01_VD08,Estimate; Total: - Administrative services managers
HD02_VD08,Margin of Error; Total: - Administrative services managers
HD01_VD09,Estimate; Total: - Computer and information systems managers
HD02_VD09,Margin of Error; Total: - Computer and information systems managers
HD01_VD10,Estimate; Total: - Financial managers
HD02_VD10,Margin of Error; Total: - Financial managers
HD01_VD11,Estimate; Total: - Compensation and benefits managers
HD02_VD11,Margin of Error; Total: - Compensation and benefits managers
HD01_VD12,Estimate; Total: - Human resources managers
HD02_VD12,Margin of Error; Total: - Human resources managers
HD01_VD13,Estimate; Total: - Training and development managers
HD02_VD13,Margin of Error; Total: - Training and development managers
HD01_VD14,Estimate; Total: - Industrial production managers
HD02_VD14,Margin of Error; Total: - Industrial production managers
HD01_VD15,Estimate; Total: - Purchasing managers
HD02_VD15,Margin of Error; Total: - Purchasing managers
HD01_VD16,"Estimate; Total: - Transportation, storage, and distribution managers"
HD02_VD16,"Margin of Error; Total: - Transportation, storage, and distribution managers"
HD01_VD17,"Estimate; Total: - Farmers, ranchers, and other agricultural managers"
HD02_VD17,"Margin of Error; Total: - Farmers, ranchers, and other agricultural managers"
HD01_VD18,Estimate; Total: - Construction managers
HD02_VD18,Margin of Error; Total: - Construction managers
HD01_VD19,Estimate; Total: - Education administrators
HD02_VD19,Margin of Error; Total: - Education administrators
HD01_VD20,Estimate; Total: - Architectural and engineering managers
HD02_VD20,Margin of Error; Total: - Architectural and engineering managers
HD01_VD21,Estimate; Total: - Food service managers
HD02_VD21,Margin of Error; Total: - Food service managers
HD01_VD22,Estimate; Total: - Funeral service managers
HD02_VD22,Margin of Error; Total: - Funeral service managers
HD01_VD23,Estimate; Total: - Gaming managers
HD02_VD23,Margin of Error; Total: - Gaming managers
HD01_VD24,Estimate; Total: - Lodging managers
HD02_VD24,Margin of Error; Total: - Lodging managers
HD01_VD25,Estimate; Total: - Medical and health services managers
HD02_VD25,Margin of Error; Total: - Medical and health services managers
HD01_VD26,Estimate; Total: - Natural sciences managers
HD02_VD26,Margin of Error; Total: - Natural sciences managers
HD01_VD27,Estimate; Total: - Postmasters and mail superintendents
HD02_VD27,Margin of Error; Total: - Postmasters and mail superintendents
HD01_VD28,"Estimate; Total: - Property, real estate, and community association managers"
HD02_VD28,"Margin of Error; Total: - Property, real estate, and community association managers"
HD01_VD29,Estimate; Total: - Social and community service managers
HD02_VD29,Margin of Error; Total: - Social and community service managers
HD01_VD30,Estimate; Total: - Emergency management directors
HD02_VD30,Margin of Error; Total: - Emergency management directors
HD01_VD31,"Estimate; Total: - Managers, all other"
HD02_VD31,"Margin of Error; Total: - Managers, all other"
HD01_VD32,"Estimate; Total: - Agents and business managers of artists, performers, and athletes"
HD02_VD32,"Margin of Error; Total: - Agents and business managers of artists, performers, and athletes"
HD01_VD33,"Estimate; Total: - Buyers and purchasing agents, farm products"
HD02_VD33,"Margin of Error; Total: - Buyers and purchasing agents, farm products"
HD01_VD34,"Estimate; Total: - Wholesale and retail buyers, except farm products"
HD02_VD34,"Margin of Error; Total: - Wholesale and retail buyers, except farm products"
HD01_VD35,"Estimate; Total: - Purchasing agents, except wholesale, retail, and farm products"
HD02_VD35,"Margin of Error; Total: - Purchasing agents, except wholesale, retail, and farm products"
HD01_VD36,"Estimate; Total: - Claims adjusters, appraisers, examiners, and investigators"
HD02_VD36,"Margin of Error; Total: - Claims adjusters, appraisers, examiners, and investigators"
HD01_VD37,Estimate; Total: - Compliance officers
HD02_VD37,Margin of Error; Total: - Compliance officers
HD01_VD38,Estimate; Total: - Cost estimators
HD02_VD38,Margin of Error; Total: - Cost estimators
HD01_VD39,Estimate; Total: - Human resources workers
HD02_VD39,Margin of Error; Total: - Human resources workers
HD01_VD40,"Estimate; Total: - Compensation, benefits, and job analysis specialists"
HD02_VD40,"Margin of Error; Total: - Compensation, benefits, and job analysis specialists"
HD01_VD41,Estimate; Total: - Training and development specialists
HD02_VD41,Margin of Error; Total: - Training and development specialists
HD01_VD42,Estimate; Total: - Logisticians
HD02_VD42,Margin of Error; Total: - Logisticians
HD01_VD43,Estimate; Total: - Management analysts
HD02_VD43,Margin of Error; Total: - Management analysts
HD01_VD44,"Estimate; Total: - Meeting, convention, and event planners"
HD02_VD44,"Margin of Error; Total: - Meeting, convention, and event planners"
HD01_VD45,Estimate; Total: - Fundraisers
HD02_VD45,Margin of Error; Total: - Fundraisers
HD01_VD46,Estimate; Total: - Market research analysts and marketing specialists
HD02_VD46,Margin of Error; Total: - Market research analysts and marketing specialists
HD01_VD47,"Estimate; Total: - Business operations specialists, all other"
HD02_VD47,"Margin of Error; Total: - Business operations specialists, all other"
HD01_VD48,Estimate; Total: - Accountants and auditors
HD02_VD48,Margin of Error; Total: - Accountants and auditors
HD01_VD49,Estimate; Total: - Appraisers and assessors of real estate
HD02_VD49,Margin of Error; Total: - Appraisers and assessors of real estate
HD01_VD50,Estimate; Total: - Budget analysts
HD02_VD50,Margin of Error; Total: - Budget analysts
HD01_VD51,Estimate; Total: - Credit analysts
HD02_VD51,Margin of Error; Total: - Credit analysts
HD01_VD52,Estimate; Total: - Financial analysts
HD02_VD52,Margin of Error; Total: - Financial analysts
HD01_VD53,Estimate; Total: - Personal financial advisors
HD02_VD53,Margin of Error; Total: - Personal financial advisors
HD01_VD54,Estimate; Total: - Insurance underwriters
HD02_VD54,Margin of Error; Total: - Insurance underwriters
HD01_VD55,Estimate; Total: - Financial examiners
HD02_VD55,Margin of Error; Total: - Financial examiners
HD01_VD56,Estimate; Total: - Credit counselors and loan officers
HD02_VD56,Margin of Error; Total: - Credit counselors and loan officers
HD01_VD57,"Estimate; Total: - Tax examiners and collectors, and revenue agents"
HD02_VD57,"Margin of Error; Total: - Tax examiners and collectors, and revenue agents"
HD01_VD58,Estimate; Total: - Tax preparers
HD02_VD58,Margin of Error; Total: - Tax preparers
HD01_VD59,"Estimate; Total: - Financial specialists, all other"
HD02_VD59,"Margin of Error; Total: - Financial specialists, all other"
HD01_VD60,Estimate; Total: - Computer and information research scientists
HD02_VD60,Margin of Error; Total: - Computer and information research scientists
HD01_VD61,Estimate; Total: - Computer systems analysts
HD02_VD61,Margin of Error; Total: - Computer systems analysts
HD01_VD62,Estimate; Total: - Information security analysts
HD02_VD62,Margin of Error; Total: - Information security analysts
HD01_VD63,Estimate; Total: - Computer programmers
HD02_VD63,Margin of Error; Total: - Computer programmers
HD01_VD64,"Estimate; Total: - Software developers, applications and systems software"
HD02_VD64,"Margin of Error; Total: - Software developers, applications and systems software"
HD01_VD65,Estimate; Total: - Web developers
HD02_VD65,Margin of Error; Total: - Web developers
HD01_VD66,Estimate; Total: - Computer support specialists
HD02_VD66,Margin of Error; Total: - Computer support specialists
HD01_VD67,Estimate; Total: - Database administrators
HD02_VD67,Margin of Error; Total: - Database administrators
HD01_VD68,Estimate; Total: - Network and computer systems administrators
HD02_VD68,Margin of Error; Total: - Network and computer systems administrators
HD01_VD69,Estimate; Total: - Computer network architects
HD02_VD69,Margin of Error; Total: - Computer network architects
HD01_VD70,"Estimate; Total: - Computer occupations, all other"
HD02_VD70,"Margin of Error; Total: - Computer occupations, all other"
HD01_VD71,Estimate; Total: - Actuaries
HD02_VD71,Margin of Error; Total: - Actuaries
HD01_VD72,Estimate; Total: - Mathematicians
HD02_VD72,Margin of Error; Total: - Mathematicians
HD01_VD73,Estimate; Total: - Operations research analysts
HD02_VD73,Margin of Error; Total: - Operations research analysts
HD01_VD74,Estimate; Total: - Statisticians
HD02_VD74,Margin of Error; Total: - Statisticians
HD01_VD75,Estimate; Total: - Miscellaneous mathematical science occupations
HD02_VD75,Margin of Error; Total: - Miscellaneous mathematical science occupations
HD01_VD76,"Estimate; Total: - Architects, except naval"
HD02_VD76,"Margin of Error; Total: - Architects, except naval"
HD01_VD77,"Estimate; Total: - Surveyors, cartographers, and photogrammetrists"
HD02_VD77,"Margin of Error; Total: - Surveyors, cartographers, and photogrammetrists"
HD01_VD78,Estimate; Total: - Aerospace engineers
HD02_VD78,Margin of Error; Total: - Aerospace engineers
HD01_VD79,Estimate; Total: - Agricultural engineers
HD02_VD79,Margin of Error; Total: - Agricultural engineers
HD01_VD80,Estimate; Total: - Biomedical engineers
HD02_VD80,Margin of Error; Total: - Biomedical engineers
HD01_VD81,Estimate; Total: - Chemical engineers
HD02_VD81,Margin of Error; Total: - Chemical engineers
HD01_VD82,Estimate; Total: - Civil engineers
HD02_VD82,Margin of Error; Total: - Civil engineers
HD01_VD83,Estimate; Total: - Computer hardware engineers
HD02_VD83,Margin of Error; Total: - Computer hardware engineers
HD01_VD84,Estimate; Total: - Electrical and electronics engineers
HD02_VD84,Margin of Error; Total: - Electrical and electronics engineers
HD01_VD85,Estimate; Total: - Environmental engineers
HD02_VD85,Margin of Error; Total: - Environmental engineers
HD01_VD86,"Estimate; Total: - Industrial engineers, including health and safety"
HD02_VD86,"Margin of Error; Total: - Industrial engineers, including health and safety"
HD01_VD87,Estimate; Total: - Marine engineers and naval architects
HD02_VD87,Margin of Error; Total: - Marine engineers and naval architects
HD01_VD88,Estimate; Total: - Materials engineers
HD02_VD88,Margin of Error; Total: - Materials engineers
HD01_VD89,Estimate; Total: - Mechanical engineers
HD02_VD89,Margin of Error; Total: - Mechanical engineers
HD01_VD90,"Estimate; Total: - Mining and geological engineers, including mining safety engineers"
HD02_VD90,"Margin of Error; Total: - Mining and geological engineers, including mining safety engineers"
HD01_VD91,Estimate; Total: - Nuclear engineers
HD02_VD91,Margin of Error; Total: - Nuclear engineers
HD01_VD92,Estimate; Total: - Petroleum engineers
HD02_VD92,Margin of Error; Total: - Petroleum engineers
HD01_VD93,"Estimate; Total: - Engineers, all other"
HD02_VD93,"Margin of Error; Total: - Engineers, all other"
HD01_VD94,Estimate; Total: - Drafters
HD02_VD94,Margin of Error; Total: - Drafters
HD01_VD95,"Estimate; Total: - Engineering technicians, except drafters"
HD02_VD95,"Margin of Error; Total: - Engineering technicians, except drafters"
HD01_VD96,Estimate; Total: - Surveying and mapping technicians
HD02_VD96,Margin of Error; Total: - Surveying and mapping technicians
HD01_VD97,Estimate; Total: - Agricultural and food scientists
HD02_VD97,Margin of Error; Total: - Agricultural and food scientists
HD01_VD98,Estimate; Total: - Biological scientists
HD02_VD98,Margin of Error; Total: - Biological scientists
HD01_VD99,Estimate; Total: - Conservation scientists and foresters
HD02_VD99,Margin of Error; Total: - Conservation scientists and foresters
HD01_VD100,Estimate; Total: - Medical scientists
HD02_VD100,Margin of Error; Total: - Medical scientists
HD01_VD101,"Estimate; Total: - Life scientists, all other"
HD02_VD101,"Margin of Error; Total: - Life scientists, all other"
HD01_VD102,Estimate; Total: - Astronomers and physicists
HD02_VD102,Margin of Error; Total: - Astronomers and physicists
HD01_VD103,Estimate; Total: - Atmospheric and space scientists
HD02_VD103,Margin of Error; Total: - Atmospheric and space scientists
HD01_VD104,Estimate; Total: - Chemists and materials scientists
HD02_VD104,Margin of Error; Total: - Chemists and materials scientists
HD01_VD105,Estimate; Total: - Environmental scientists and geoscientists
HD02_VD105,Margin of Error; Total: - Environmental scientists and geoscientists
HD01_VD106,"Estimate; Total: - Physical scientists, all other"
HD02_VD106,"Margin of Error; Total: - Physical scientists, all other"
HD01_VD107,Estimate; Total: - Economists
HD02_VD107,Margin of Error; Total: - Economists
HD01_VD108,Estimate; Total: - Survey researchers
HD02_VD108,Margin of Error; Total: - Survey researchers
HD01_VD109,Estimate; Total: - Psychologists
HD02_VD109,Margin of Error; Total: - Psychologists
HD01_VD110,Estimate; Total: - Urban and regional planners
HD02_VD110,Margin of Error; Total: - Urban and regional planners
HD01_VD111,"Estimate; Total: - Miscellaneous social scientists and related workers, including sociologists"
HD02_VD111,"Margin of Error; Total: - Miscellaneous social scientists and related workers, including sociologists"
HD01_VD112,Estimate; Total: - Agricultural and food science technicians
HD02_VD112,Margin of Error; Total: - Agricultural and food science technicians
HD01_VD113,Estimate; Total: - Biological technicians
HD02_VD113,Margin of Error; Total: - Biological technicians
HD01_VD114,Estimate; Total: - Chemical technicians
HD02_VD114,Margin of Error; Total: - Chemical technicians
HD01_VD115,Estimate; Total: - Geological and petroleum technicians
HD02_VD115,Margin of Error; Total: - Geological and petroleum technicians
HD01_VD116,Estimate; Total: - Nuclear technicians
HD02_VD116,Margin of Error; Total: - Nuclear technicians
HD01_VD117,Estimate; Total: - Social science research assistants
HD02_VD117,Margin of Error; Total: - Social science research assistants
HD01_VD118,"Estimate; Total: - Miscellaneous life, physical, and social science technicians"
HD02_VD118,"Margin of Error; Total: - Miscellaneous life, physical, and social science technicians"
HD01_VD119,Estimate; Total: - Counselors
HD02_VD119,Margin of Error; Total: - Counselors
HD01_VD120,Estimate; Total: - Social workers
HD02_VD120,Margin of Error; Total: - Social workers
HD01_VD121,Estimate; Total: - Probation officers and correctional treatment specialists
HD02_VD121,Margin of Error; Total: - Probation officers and correctional treatment specialists
HD01_VD122,Estimate; Total: - Social and human service assistants
HD02_VD122,Margin of Error; Total: - Social and human service assistants
HD01_VD123,"Estimate; Total: - Miscellaneous community and social service specialists, including health educators and community health workers"
HD02_VD123,"Margin of Error; Total: - Miscellaneous community and social service specialists, including health educators and community health workers"
HD01_VD124,Estimate; Total: - Clergy
HD02_VD124,Margin of Error; Total: - Clergy
HD01_VD125,"Estimate; Total: - Directors, religious activities and education"
HD02_VD125,"Margin of Error; Total: - Directors, religious activities and education"
HD01_VD126,"Estimate; Total: - Religious workers, all other"
HD02_VD126,"Margin of Error; Total: - Religious workers, all other"
HD01_VD127,Estimate; Total: - Lawyers
HD02_VD127,Margin of Error; Total: - Lawyers
HD01_VD128,Estimate; Total: - Judicial law clerks
HD02_VD128,Margin of Error; Total: - Judicial law clerks
HD01_VD129,"Estimate; Total: - Judges, magistrates, and other judicial workers"
HD02_VD129,"Margin of Error; Total: - Judges, magistrates, and other judicial workers"
HD01_VD130,Estimate; Total: - Paralegals and legal assistants
HD02_VD130,Margin of Error; Total: - Paralegals and legal assistants
HD01_VD131,Estimate; Total: - Miscellaneous legal support workers
HD02_VD131,Margin of Error; Total: - Miscellaneous legal support workers
HD01_VD132,Estimate; Total: - Postsecondary teachers
HD02_VD132,Margin of Error; Total: - Postsecondary teachers
HD01_VD133,Estimate; Total: - Preschool and kindergarten teachers
HD02_VD133,Margin of Error; Total: - Preschool and kindergarten teachers
HD01_VD134,Estimate; Total: - Elementary and middle school teachers
HD02_VD134,Margin of Error; Total: - Elementary and middle school teachers
HD01_VD135,Estimate; Total: - Secondary school teachers
HD02_VD135,Margin of Error; Total: - Secondary school teachers
HD01_VD136,Estimate; Total: - Special education teachers
HD02_VD136,Margin of Error; Total: - Special education teachers
HD01_VD137,Estimate; Total: - Other teachers and instructors
HD02_VD137,Margin of Error; Total: - Other teachers and instructors
HD01_VD138,"Estimate; Total: - Archivists, curators, and museum technicians"
HD02_VD138,"Margin of Error; Total: - Archivists, curators, and museum technicians"
HD01_VD139,Estimate; Total: - Librarians
HD02_VD139,Margin of Error; Total: - Librarians
HD01_VD140,Estimate; Total: - Library technicians
HD02_VD140,Margin of Error; Total: - Library technicians
HD01_VD141,Estimate; Total: - Teacher assistants
HD02_VD141,Margin of Error; Total: - Teacher assistants
HD01_VD142,"Estimate; Total: - Other education, training, and library workers, except teacher assistants"
HD02_VD142,"Margin of Error; Total: - Other education, training, and library workers, except teacher assistants"
HD01_VD143,Estimate; Total: - Artists and related workers
HD02_VD143,Margin of Error; Total: - Artists and related workers
HD01_VD144,Estimate; Total: - Designers
HD02_VD144,Margin of Error; Total: - Designers
HD01_VD145,Estimate; Total: - Actors
HD02_VD145,Margin of Error; Total: - Actors
HD01_VD146,Estimate; Total: - Producers and directors
HD02_VD146,Margin of Error; Total: - Producers and directors
HD01_VD147,"Estimate; Total: - Athletes, coaches, umpires, and related workers"
HD02_VD147,"Margin of Error; Total: - Athletes, coaches, umpires, and related workers"
HD01_VD148,Estimate; Total: - Dancers and choreographers
HD02_VD148,Margin of Error; Total: - Dancers and choreographers
HD01_VD149,"Estimate; Total: - Musicians, singers, and related workers"
HD02_VD149,"Margin of Error; Total: - Musicians, singers, and related workers"
HD01_VD150,"Estimate; Total: - Entertainers and performers, sports and related workers, all other"
HD02_VD150,"Margin of Error; Total: - Entertainers and performers, sports and related workers, all other"
HD01_VD151,Estimate; Total: - Announcers
HD02_VD151,Margin of Error; Total: - Announcers
HD01_VD152,"Estimate; Total: - News analysts, reporters and correspondents"
HD02_VD152,"Margin of Error; Total: - News analysts, reporters and correspondents"
HD01_VD153,Estimate; Total: - Public relations specialists
HD02_VD153,Margin of Error; Total: - Public relations specialists
HD01_VD154,Estimate; Total: - Editors
HD02_VD154,Margin of Error; Total: - Editors
HD01_VD155,Estimate; Total: - Technical writers
HD02_VD155,Margin of Error; Total: - Technical writers
HD01_VD156,Estimate; Total: - Writers and authors
HD02_VD156,Margin of Error; Total: - Writers and authors
HD01_VD157,Estimate; Total: - Miscellaneous media and communication workers
HD02_VD157,Margin of Error; Total: - Miscellaneous media and communication workers
HD01_VD158,"Estimate; Total: - Miscellaneous media and communications equipment workers, including broadcast and sound engineering technicians and radio operators"
HD02_VD158,"Margin of Error; Total: - Miscellaneous media and communications equipment workers, including broadcast and sound engineering technicians and radio operators"
HD01_VD159,Estimate; Total: - Photographers
HD02_VD159,Margin of Error; Total: - Photographers
HD01_VD160,"Estimate; Total: - Television, video, and motion picture camera operators and editors"
HD02_VD160,"Margin of Error; Total: - Television, video, and motion picture camera operators and editors"
HD01_VD161,Estimate; Total: - Chiropractors
HD02_VD161,Margin of Error; Total: - Chiropractors
HD01_VD162,Estimate; Total: - Dentists
HD02_VD162,Margin of Error; Total: - Dentists
HD01_VD163,Estimate; Total: - Dietitians and nutritionists
HD02_VD163,Margin of Error; Total: - Dietitians and nutritionists
HD01_VD164,Estimate; Total: - Optometrists
HD02_VD164,Margin of Error; Total: - Optometrists
HD01_VD165,Estimate; Total: - Pharmacists
HD02_VD165,Margin of Error; Total: - Pharmacists
HD01_VD166,Estimate; Total: - Physicians and surgeons
HD02_VD166,Margin of Error; Total: - Physicians and surgeons
HD01_VD167,Estimate; Total: - Physician assistants
HD02_VD167,Margin of Error; Total: - Physician assistants
HD01_VD168,Estimate; Total: - Podiatrists
HD02_VD168,Margin of Error; Total: - Podiatrists
HD01_VD169,Estimate; Total: - Audiologists
HD02_VD169,Margin of Error; Total: - Audiologists
HD01_VD170,Estimate; Total: - Occupational therapists
HD02_VD170,Margin of Error; Total: - Occupational therapists
HD01_VD171,Estimate; Total: - Physical therapists
HD02_VD171,Margin of Error; Total: - Physical therapists
HD01_VD172,Estimate; Total: - Radiation therapists
HD02_VD172,Margin of Error; Total: - Radiation therapists
HD01_VD173,Estimate; Total: - Recreational therapists
HD02_VD173,Margin of Error; Total: - Recreational therapists
HD01_VD174,Estimate; Total: - Respiratory therapists
HD02_VD174,Margin of Error; Total: - Respiratory therapists
HD01_VD175,Estimate; Total: - Speech-language pathologists
HD02_VD175,Margin of Error; Total: - Speech-language pathologists
HD01_VD176,"Estimate; Total: - Miscellaneous therapists, including exercise physiologists"
HD02_VD176,"Margin of Error; Total: - Miscellaneous therapists, including exercise physiologists"
HD01_VD177,Estimate; Total: - Veterinarians
HD02_VD177,Margin of Error; Total: - Veterinarians
HD01_VD178,Estimate; Total: - Registered nurses
HD02_VD178,Margin of Error; Total: - Registered nurses
HD01_VD179,Estimate; Total: - Nurse anesthetists
HD02_VD179,Margin of Error; Total: - Nurse anesthetists
HD01_VD180,Estimate; Total: - Nurse midwives
HD02_VD180,Margin of Error; Total: - Nurse midwives
HD01_VD181,Estimate; Total: - Nurse practitioners
HD02_VD181,Margin of Error; Total: - Nurse practitioners
HD01_VD182,"Estimate; Total: - Health diagnosing and treating practitioners, all other"
HD02_VD182,"Margin of Error; Total: - Health diagnosing and treating practitioners, all other"
HD01_VD183,Estimate; Total: - Clinical laboratory technologists and technicians
HD02_VD183,Margin of Error; Total: - Clinical laboratory technologists and technicians
HD01_VD184,Estimate; Total: - Dental hygienists
HD02_VD184,Margin of Error; Total: - Dental hygienists
HD01_VD185,Estimate; Total: - Diagnostic related technologists and technicians
HD02_VD185,Margin of Error; Total: - Diagnostic related technologists and technicians
HD01_VD186,Estimate; Total: - Emergency medical technicians and paramedics
HD02_VD186,Margin of Error; Total: - Emergency medical technicians and paramedics
HD01_VD187,Estimate; Total: - Health practitioner support technologists and technicians
HD02_VD187,Margin of Error; Total: - Health practitioner support technologists and technicians
HD01_VD188,Estimate; Total: - Licensed practical and licensed vocational nurses
HD02_VD188,Margin of Error; Total: - Licensed practical and licensed vocational nurses
HD01_VD189,Estimate; Total: - Medical records and health information technicians
HD02_VD189,Margin of Error; Total: - Medical records and health information technicians
HD01_VD190,"Estimate; Total: - Opticians, dispensing"
HD02_VD190,"Margin of Error; Total: - Opticians, dispensing"
HD01_VD191,Estimate; Total: - Miscellaneous health technologists and technicians
HD02_VD191,Margin of Error; Total: - Miscellaneous health technologists and technicians
HD01_VD192,Estimate; Total: - Other healthcare practitioners and technical occupations
HD02_VD192,Margin of Error; Total: - Other healthcare practitioners and technical occupations
HD01_VD193,"Estimate; Total: - Nursing, psychiatric, and home health aides"
HD02_VD193,"Margin of Error; Total: - Nursing, psychiatric, and home health aides"
HD01_VD194,Estimate; Total: - Occupational therapy assistants and aides
HD02_VD194,Margin of Error; Total: - Occupational therapy assistants and aides
HD01_VD195,Estimate; Total: - Physical therapist assistants and aides
HD02_VD195,Margin of Error; Total: - Physical therapist assistants and aides
HD01_VD196,Estimate; Total: - Massage therapists
HD02_VD196,Margin of Error; Total: - Massage therapists
HD01_VD197,Estimate; Total: - Dental assistants
HD02_VD197,Margin of Error; Total: - Dental assistants
HD01_VD198,Estimate; Total: - Medical assistants
HD02_VD198,Margin of Error; Total: - Medical assistants
HD01_VD199,Estimate; Total: - Medical transcriptionists
HD02_VD199,Margin of Error; Total: - Medical transcriptionists
HD01_VD200,Estimate; Total: - Pharmacy aides
HD02_VD200,Margin of Error; Total: - Pharmacy aides
HD01_VD201,Estimate; Total: - Veterinary assistants and laboratory animal caretakers
HD02_VD201,Margin of Error; Total: - Veterinary assistants and laboratory animal caretakers
HD01_VD202,Estimate; Total: - Phlebotomists
HD02_VD202,Margin of Error; Total: - Phlebotomists
HD01_VD203,"Estimate; Total: - Healthcare support workers, all other, including medical equipment preparers"
HD02_VD203,"Margin of Error; Total: - Healthcare support workers, all other, including medical equipment preparers"
HD01_VD204,Estimate; Total: - First-line supervisors of correctional officers
HD02_VD204,Margin of Error; Total: - First-line supervisors of correctional officers
HD01_VD205,Estimate; Total: - First-line supervisors of police and detectives
HD02_VD205,Margin of Error; Total: - First-line supervisors of police and detectives
HD01_VD206,Estimate; Total: - First-line supervisors of fire fighting and prevention workers
HD02_VD206,Margin of Error; Total: - First-line supervisors of fire fighting and prevention workers
HD01_VD207,"Estimate; Total: - First-line supervisors of protective service workers, all other"
HD02_VD207,"Margin of Error; Total: - First-line supervisors of protective service workers, all other"
HD01_VD208,Estimate; Total: - Firefighters
HD02_VD208,Margin of Error; Total: - Firefighters
HD01_VD209,Estimate; Total: - Fire inspectors
HD02_VD209,Margin of Error; Total: - Fire inspectors
HD01_VD210,"Estimate; Total: - Bailiffs, correctional officers, and jailers"
HD02_VD210,"Margin of Error; Total: - Bailiffs, correctional officers, and jailers"
HD01_VD211,Estimate; Total: - Detectives and criminal investigators
HD02_VD211,Margin of Error; Total: - Detectives and criminal investigators
HD01_VD212,Estimate; Total: - Fish and game wardens
HD02_VD212,Margin of Error; Total: - Fish and game wardens
HD01_VD213,Estimate; Total: - Parking enforcement workers
HD02_VD213,Margin of Error; Total: - Parking enforcement workers
HD01_VD214,Estimate; Total: - Police and sheriff's patrol officers
HD02_VD214,Margin of Error; Total: - Police and sheriff's patrol officers
HD01_VD215,Estimate; Total: - Transit and railroad police
HD02_VD215,Margin of Error; Total: - Transit and railroad police
HD01_VD216,Estimate; Total: - Animal control workers
HD02_VD216,Margin of Error; Total: - Animal control workers
HD01_VD217,Estimate; Total: - Private detectives and investigators
HD02_VD217,Margin of Error; Total: - Private detectives and investigators
HD01_VD218,Estimate; Total: - Security guards and gaming surveillance officers
HD02_VD218,Margin of Error; Total: - Security guards and gaming surveillance officers
HD01_VD219,Estimate; Total: - Crossing guards
HD02_VD219,Margin of Error; Total: - Crossing guards
HD01_VD220,Estimate; Total: - Transportation security screeners
HD02_VD220,Margin of Error; Total: - Transportation security screeners
HD01_VD221,"Estimate; Total: - Lifeguards and other recreational, and all other protective service workers"
HD02_VD221,"Margin of Error; Total: - Lifeguards and other recreational, and all other protective service workers"
HD01_VD222,Estimate; Total: - Chefs and head cooks
HD02_VD222,Margin of Error; Total: - Chefs and head cooks
HD01_VD223,Estimate; Total: - First-line supervisors of food preparation and serving workers
HD02_VD223,Margin of Error; Total: - First-line supervisors of food preparation and serving workers
HD01_VD224,Estimate; Total: - Cooks
HD02_VD224,Margin of Error; Total: - Cooks
HD01_VD225,Estimate; Total: - Food preparation workers
HD02_VD225,Margin of Error; Total: - Food preparation workers
HD01_VD226,Estimate; Total: - Bartenders
HD02_VD226,Margin of Error; Total: - Bartenders
HD01_VD227,"Estimate; Total: - Combined food preparation and serving workers, including fast food"
HD02_VD227,"Margin of Error; Total: - Combined food preparation and serving workers, including fast food"
HD01_VD228,"Estimate; Total: - Counter attendants, cafeteria, food concession, and coffee shop"
HD02_VD228,"Margin of Error; Total: - Counter attendants, cafeteria, food concession, and coffee shop"
HD01_VD229,Estimate; Total: - Waiters and waitresses
HD02_VD229,Margin of Error; Total: - Waiters and waitresses
HD01_VD230,"Estimate; Total: - Food servers, nonrestaurant"
HD02_VD230,"Margin of Error; Total: - Food servers, nonrestaurant"
HD01_VD231,Estimate; Total: - Dining room and cafeteria attendants and bartender helpers
HD02_VD231,Margin of Error; Total: - Dining room and cafeteria attendants and bartender helpers
HD01_VD232,Estimate; Total: - Dishwashers
HD02_VD232,Margin of Error; Total: - Dishwashers
HD01_VD233,"Estimate; Total: - Hosts and hostesses, restaurant, lounge, and coffee shop"
HD02_VD233,"Margin of Error; Total: - Hosts and hostesses, restaurant, lounge, and coffee shop"
HD01_VD234,"Estimate; Total: - Food preparation and serving related workers, all other"
HD02_VD234,"Margin of Error; Total: - Food preparation and serving related workers, all other"
HD01_VD235,Estimate; Total: - First-line supervisors of housekeeping and janitorial workers
HD02_VD235,Margin of Error; Total: - First-line supervisors of housekeeping and janitorial workers
HD01_VD236,"Estimate; Total: - First-line supervisors of landscaping, lawn service, and groundskeeping workers"
HD02_VD236,"Margin of Error; Total: - First-line supervisors of landscaping, lawn service, and groundskeeping workers"
HD01_VD237,Estimate; Total: - Janitors and building cleaners
HD02_VD237,Margin of Error; Total: - Janitors and building cleaners
HD01_VD238,Estimate; Total: - Maids and housekeeping cleaners
HD02_VD238,Margin of Error; Total: - Maids and housekeeping cleaners
HD01_VD239,Estimate; Total: - Pest control workers
HD02_VD239,Margin of Error; Total: - Pest control workers
HD01_VD240,Estimate; Total: - Grounds maintenance workers
HD02_VD240,Margin of Error; Total: - Grounds maintenance workers
HD01_VD241,Estimate; Total: - First-line supervisors of gaming workers
HD02_VD241,Margin of Error; Total: - First-line supervisors of gaming workers
HD01_VD242,Estimate; Total: - First-line supervisors of personal service workers
HD02_VD242,Margin of Error; Total: - First-line supervisors of personal service workers
HD01_VD243,Estimate; Total: - Animal trainers
HD02_VD243,Margin of Error; Total: - Animal trainers
HD01_VD244,Estimate; Total: - Nonfarm animal caretakers
HD02_VD244,Margin of Error; Total: - Nonfarm animal caretakers
HD01_VD245,Estimate; Total: - Gaming services workers
HD02_VD245,Margin of Error; Total: - Gaming services workers
HD01_VD246,Estimate; Total: - Motion picture projectionists
HD02_VD246,Margin of Error; Total: - Motion picture projectionists
HD01_VD247,"Estimate; Total: - Ushers, lobby attendants, and ticket takers"
HD02_VD247,"Margin of Error; Total: - Ushers, lobby attendants, and ticket takers"
HD01_VD248,Estimate; Total: - Miscellaneous entertainment attendants and related workers
HD02_VD248,Margin of Error; Total: - Miscellaneous entertainment attendants and related workers
HD01_VD249,Estimate; Total: - Embalmers and funeral attendants
HD02_VD249,Margin of Error; Total: - Embalmers and funeral attendants
HD01_VD250,"Estimate; Total: - Morticians, undertakers, and funeral directors"
HD02_VD250,"Margin of Error; Total: - Morticians, undertakers, and funeral directors"
HD01_VD251,Estimate; Total: - Barbers
HD02_VD251,Margin of Error; Total: - Barbers
HD01_VD252,"Estimate; Total: - Hairdressers, hairstylists, and cosmetologists"
HD02_VD252,"Margin of Error; Total: - Hairdressers, hairstylists, and cosmetologists"
HD01_VD253,Estimate; Total: - Miscellaneous personal appearance workers
HD02_VD253,Margin of Error; Total: - Miscellaneous personal appearance workers
HD01_VD254,"Estimate; Total: - Baggage porters, bellhops, and concierges"
HD02_VD254,"Margin of Error; Total: - Baggage porters, bellhops, and concierges"
HD01_VD255,Estimate; Total: - Tour and travel guides
HD02_VD255,Margin of Error; Total: - Tour and travel guides
HD01_VD256,Estimate; Total: - Childcare workers
HD02_VD256,Margin of Error; Total: - Childcare workers
HD01_VD257,Estimate; Total: - Personal care aides
HD02_VD257,Margin of Error; Total: - Personal care aides
HD01_VD258,Estimate; Total: - Recreation and fitness workers
HD02_VD258,Margin of Error; Total: - Recreation and fitness workers
HD01_VD259,Estimate; Total: - Residential advisors
HD02_VD259,Margin of Error; Total: - Residential advisors
HD01_VD260,"Estimate; Total: - Personal care and service workers, all other"
HD02_VD260,"Margin of Error; Total: - Personal care and service workers, all other"
HD01_VD261,Estimate; Total: - First-line supervisors of retail sales workers
HD02_VD261,Margin of Error; Total: - First-line supervisors of retail sales workers
HD01_VD262,Estimate; Total: - First-line supervisors of non-retail sales workers
HD02_VD262,Margin of Error; Total: - First-line supervisors of non-retail sales workers
HD01_VD263,Estimate; Total: - Cashiers
HD02_VD263,Margin of Error; Total: - Cashiers
HD01_VD264,Estimate; Total: - Counter and rental clerks
HD02_VD264,Margin of Error; Total: - Counter and rental clerks
HD01_VD265,Estimate; Total: - Parts salespersons
HD02_VD265,Margin of Error; Total: - Parts salespersons
HD01_VD266,Estimate; Total: - Retail salespersons
HD02_VD266,Margin of Error; Total: - Retail salespersons
HD01_VD267,Estimate; Total: - Advertising sales agents
HD02_VD267,Margin of Error; Total: - Advertising sales agents
HD01_VD268,Estimate; Total: - Insurance sales agents
HD02_VD268,Margin of Error; Total: - Insurance sales agents
HD01_VD269,"Estimate; Total: - Securities, commodities, and financial services sales agents"
HD02_VD269,"Margin of Error; Total: - Securities, commodities, and financial services sales agents"
HD01_VD270,Estimate; Total: - Travel agents
HD02_VD270,Margin of Error; Total: - Travel agents
HD01_VD271,"Estimate; Total: - Sales representatives, services, all other"
HD02_VD271,"Margin of Error; Total: - Sales representatives, services, all other"
HD01_VD272,"Estimate; Total: - Sales representatives, wholesale and manufacturing"
HD02_VD272,"Margin of Error; Total: - Sales representatives, wholesale and manufacturing"
HD01_VD273,"Estimate; Total: - Models, demonstrators, and product promoters"
HD02_VD273,"Margin of Error; Total: - Models, demonstrators, and product promoters"
HD01_VD274,Estimate; Total: - Real estate brokers and sales agents
HD02_VD274,Margin of Error; Total: - Real estate brokers and sales agents
HD01_VD275,Estimate; Total: - Sales engineers
HD02_VD275,Margin of Error; Total: - Sales engineers
HD01_VD276,Estimate; Total: - Telemarketers
HD02_VD276,Margin of Error; Total: - Telemarketers
HD01_VD277,"Estimate; Total: - Door-to-door sales workers, news and street vendors, and related workers"
HD02_VD277,"Margin of Error; Total: - Door-to-door sales workers, news and street vendors, and related workers"
HD01_VD278,"Estimate; Total: - Sales and related workers, all other"
HD02_VD278,"Margin of Error; Total: - Sales and related workers, all other"
HD01_VD279,Estimate; Total: - First-line supervisors of office and administrative support workers
HD02_VD279,Margin of Error; Total: - First-line supervisors of office and administrative support workers
HD01_VD280,"Estimate; Total: - Switchboard operators, including answering service"
HD02_VD280,"Margin of Error; Total: - Switchboard operators, including answering service"
HD01_VD281,Estimate; Total: - Telephone operators
HD02_VD281,Margin of Error; Total: - Telephone operators
HD01_VD282,"Estimate; Total: - Communications equipment operators, all other"
HD02_VD282,"Margin of Error; Total: - Communications equipment operators, all other"
HD01_VD283,Estimate; Total: - Bill and account collectors
HD02_VD283,Margin of Error; Total: - Bill and account collectors
HD01_VD284,Estimate; Total: - Billing and posting clerks
HD02_VD284,Margin of Error; Total: - Billing and posting clerks
HD01_VD285,"Estimate; Total: - Bookkeeping, accounting, and auditing clerks"
HD02_VD285,"Margin of Error; Total: - Bookkeeping, accounting, and auditing clerks"
HD01_VD286,Estimate; Total: - Gaming cage workers
HD02_VD286,Margin of Error; Total: - Gaming cage workers
HD01_VD287,Estimate; Total: - Payroll and timekeeping clerks
HD02_VD287,Margin of Error; Total: - Payroll and timekeeping clerks
HD01_VD288,Estimate; Total: - Procurement clerks
HD02_VD288,Margin of Error; Total: - Procurement clerks
HD01_VD289,Estimate; Total: - Tellers
HD02_VD289,Margin of Error; Total: - Tellers
HD01_VD290,"Estimate; Total: - Financial clerks, all other"
HD02_VD290,"Margin of Error; Total: - Financial clerks, all other"
HD01_VD291,Estimate; Total: - Brokerage clerks
HD02_VD291,Margin of Error; Total: - Brokerage clerks
HD01_VD292,Estimate; Total: - Correspondence clerks
HD02_VD292,Margin of Error; Total: - Correspondence clerks
HD01_VD293,"Estimate; Total: - Court, municipal, and license clerks"
HD02_VD293,"Margin of Error; Total: - Court, municipal, and license clerks"
HD01_VD294,"Estimate; Total: - Credit authorizers, checkers, and clerks"
HD02_VD294,"Margin of Error; Total: - Credit authorizers, checkers, and clerks"
HD01_VD295,Estimate; Total: - Customer service representatives
HD02_VD295,Margin of Error; Total: - Customer service representatives
HD01_VD296,"Estimate; Total: - Eligibility interviewers, government programs"
HD02_VD296,"Margin of Error; Total: - Eligibility interviewers, government programs"
HD01_VD297,Estimate; Total: - File clerks
HD02_VD297,Margin of Error; Total: - File clerks
HD01_VD298,"Estimate; Total: - Hotel, motel, and resort desk clerks"
HD02_VD298,"Margin of Error; Total: - Hotel, motel, and resort desk clerks"
HD01_VD299,"Estimate; Total: - Interviewers, except eligibility and loan"
HD02_VD299,"Margin of Error; Total: - Interviewers, except eligibility and loan"
HD01_VD300,"Estimate; Total: - Library assistants, clerical"
HD02_VD300,"Margin of Error; Total: - Library assistants, clerical"
HD01_VD301,Estimate; Total: - Loan interviewers and clerks
HD02_VD301,Margin of Error; Total: - Loan interviewers and clerks
HD01_VD302,Estimate; Total: - New accounts clerks
HD02_VD302,Margin of Error; Total: - New accounts clerks
HD01_VD303,Estimate; Total: - Order clerks
HD02_VD303,Margin of Error; Total: - Order clerks
HD01_VD304,"Estimate; Total: - Human resources assistants, except payroll and timekeeping"
HD02_VD304,"Margin of Error; Total: - Human resources assistants, except payroll and timekeeping"
HD01_VD305,Estimate; Total: - Receptionists and information clerks
HD02_VD305,Margin of Error; Total: - Receptionists and information clerks
HD01_VD306,Estimate; Total: - Reservation and transportation ticket agents and travel clerks
HD02_VD306,Margin of Error; Total: - Reservation and transportation ticket agents and travel clerks
HD01_VD307,"Estimate; Total: - Information and record clerks, all other"
HD02_VD307,"Margin of Error; Total: - Information and record clerks, all other"
HD01_VD308,Estimate; Total: - Cargo and freight agents
HD02_VD308,Margin of Error; Total: - Cargo and freight agents
HD01_VD309,Estimate; Total: - Couriers and messengers
HD02_VD309,Margin of Error; Total: - Couriers and messengers
HD01_VD310,Estimate; Total: - Dispatchers
HD02_VD310,Margin of Error; Total: - Dispatchers
HD01_VD311,"Estimate; Total: - Meter readers, utilities"
HD02_VD311,"Margin of Error; Total: - Meter readers, utilities"
HD01_VD312,Estimate; Total: - Postal service clerks
HD02_VD312,Margin of Error; Total: - Postal service clerks
HD01_VD313,Estimate; Total: - Postal service mail carriers
HD02_VD313,Margin of Error; Total: - Postal service mail carriers
HD01_VD314,"Estimate; Total: - Postal service mail sorters, processors, and processing machine operators"
HD02_VD314,"Margin of Error; Total: - Postal service mail sorters, processors, and processing machine operators"
HD01_VD315,"Estimate; Total: - Production, planning, and expediting clerks"
HD02_VD315,"Margin of Error; Total: - Production, planning, and expediting clerks"
HD01_VD316,"Estimate; Total: - Shipping, receiving, and traffic clerks"
HD02_VD316,"Margin of Error; Total: - Shipping, receiving, and traffic clerks"
HD01_VD317,Estimate; Total: - Stock clerks and order fillers
HD02_VD317,Margin of Error; Total: - Stock clerks and order fillers
HD01_VD318,"Estimate; Total: - Weighers, measurers, checkers, and samplers, recordkeeping"
HD02_VD318,"Margin of Error; Total: - Weighers, measurers, checkers, and samplers, recordkeeping"
HD01_VD319,Estimate; Total: - Secretaries and administrative assistants
HD02_VD319,Margin of Error; Total: - Secretaries and administrative assistants
HD01_VD320,Estimate; Total: - Computer operators
HD02_VD320,Margin of Error; Total: - Computer operators
HD01_VD321,Estimate; Total: - Data entry keyers
HD02_VD321,Margin of Error; Total: - Data entry keyers
HD01_VD322,Estimate; Total: - Word processors and typists
HD02_VD322,Margin of Error; Total: - Word processors and typists
HD01_VD323,Estimate; Total: - Desktop publishers
HD02_VD323,Margin of Error; Total: - Desktop publishers
HD01_VD324,Estimate; Total: - Insurance claims and policy processing clerks
HD02_VD324,Margin of Error; Total: - Insurance claims and policy processing clerks
HD01_VD325,"Estimate; Total: - Mail clerks and mail machine operators, except postal service"
HD02_VD325,"Margin of Error; Total: - Mail clerks and mail machine operators, except postal service"
HD01_VD326,"Estimate; Total: - Office clerks, general"
HD02_VD326,"Margin of Error; Total: - Office clerks, general"
HD01_VD327,"Estimate; Total: - Office machine operators, except computer"
HD02_VD327,"Margin of Error; Total: - Office machine operators, except computer"
HD01_VD328,Estimate; Total: - Proofreaders and copy markers
HD02_VD328,Margin of Error; Total: - Proofreaders and copy markers
HD01_VD329,Estimate; Total: - Statistical assistants
HD02_VD329,Margin of Error; Total: - Statistical assistants
HD01_VD330,"Estimate; Total: - Office and administrative support workers, all other"
HD02_VD330,"Margin of Error; Total: - Office and administrative support workers, all other"
HD01_VD331,"Estimate; Total: - First-line supervisors of farming, fishing, and forestry workers"
HD02_VD331,"Margin of Error; Total: - First-line supervisors of farming, fishing, and forestry workers"
HD01_VD332,Estimate; Total: - Agricultural inspectors
HD02_VD332,Margin of Error; Total: - Agricultural inspectors
HD01_VD333,Estimate; Total: - Animal breeders
HD02_VD333,Margin of Error; Total: - Animal breeders
HD01_VD334,"Estimate; Total: - Graders and sorters, agricultural products"
HD02_VD334,"Margin of Error; Total: - Graders and sorters, agricultural products"
HD01_VD335,Estimate; Total: - Miscellaneous agricultural workers
HD02_VD335,Margin of Error; Total: - Miscellaneous agricultural workers
HD01_VD336,Estimate; Total: - Fishing and hunting workers
HD02_VD336,Margin of Error; Total: - Fishing and hunting workers
HD01_VD337,Estimate; Total: - Forest and conservation workers
HD02_VD337,Margin of Error; Total: - Forest and conservation workers
HD01_VD338,Estimate; Total: - Logging workers
HD02_VD338,Margin of Error; Total: - Logging workers
HD01_VD339,Estimate; Total: - First-line supervisors of construction trades and extraction workers
HD02_VD339,Margin of Error; Total: - First-line supervisors of construction trades and extraction workers
HD01_VD340,Estimate; Total: - Boilermakers
HD02_VD340,Margin of Error; Total: - Boilermakers
HD01_VD341,"Estimate; Total: - Brickmasons, blockmasons, and stonemasons"
HD02_VD341,"Margin of Error; Total: - Brickmasons, blockmasons, and stonemasons"
HD01_VD342,Estimate; Total: - Carpenters
HD02_VD342,Margin of Error; Total: - Carpenters
HD01_VD343,"Estimate; Total: - Carpet, floor, and tile installers and finishers"
HD02_VD343,"Margin of Error; Total: - Carpet, floor, and tile installers and finishers"
HD01_VD344,"Estimate; Total: - Cement masons, concrete finishers, and terrazzo workers"
HD02_VD344,"Margin of Error; Total: - Cement masons, concrete finishers, and terrazzo workers"
HD01_VD345,Estimate; Total: - Construction laborers
HD02_VD345,Margin of Error; Total: - Construction laborers
HD01_VD346,"Estimate; Total: - Paving, surfacing, and tamping equipment operators"
HD02_VD346,"Margin of Error; Total: - Paving, surfacing, and tamping equipment operators"
HD01_VD347,"Estimate; Total: - Operating engineers and other construction equipment operators, including pile-driver operators"
HD02_VD347,"Margin of Error; Total: - Operating engineers and other construction equipment operators, including pile-driver operators"
HD01_VD348,"Estimate; Total: - Drywall installers, ceiling tile installers, and tapers"
HD02_VD348,"Margin of Error; Total: - Drywall installers, ceiling tile installers, and tapers"
HD01_VD349,Estimate; Total: - Electricians
HD02_VD349,Margin of Error; Total: - Electricians
HD01_VD350,Estimate; Total: - Glaziers
HD02_VD350,Margin of Error; Total: - Glaziers
HD01_VD351,Estimate; Total: - Insulation workers
HD02_VD351,Margin of Error; Total: - Insulation workers
HD01_VD352,"Estimate; Total: - Painters, construction and maintenance"
HD02_VD352,"Margin of Error; Total: - Painters, construction and maintenance"
HD01_VD353,Estimate; Total: - Paperhangers
HD02_VD353,Margin of Error; Total: - Paperhangers
HD01_VD354,"Estimate; Total: - Pipelayers, plumbers, pipefitters, and steamfitters"
HD02_VD354,"Margin of Error; Total: - Pipelayers, plumbers, pipefitters, and steamfitters"
HD01_VD355,Estimate; Total: - Plasterers and stucco masons
HD02_VD355,Margin of Error; Total: - Plasterers and stucco masons
HD01_VD356,Estimate; Total: - Reinforcing iron and rebar workers
HD02_VD356,Margin of Error; Total: - Reinforcing iron and rebar workers
HD01_VD357,Estimate; Total: - Roofers
HD02_VD357,Margin of Error; Total: - Roofers
HD01_VD358,Estimate; Total: - Sheet metal workers
HD02_VD358,Margin of Error; Total: - Sheet metal workers
HD01_VD359,Estimate; Total: - Structural iron and steel workers
HD02_VD359,Margin of Error; Total: - Structural iron and steel workers
HD01_VD360,"Estimate; Total: - Helpers, construction trades"
HD02_VD360,"Margin of Error; Total: - Helpers, construction trades"
HD01_VD361,Estimate; Total: - Construction and building inspectors
HD02_VD361,Margin of Error; Total: - Construction and building inspectors
HD01_VD362,Estimate; Total: - Elevator installers and repairers
HD02_VD362,Margin of Error; Total: - Elevator installers and repairers
HD01_VD363,Estimate; Total: - Fence erectors
HD02_VD363,Margin of Error; Total: - Fence erectors
HD01_VD364,Estimate; Total: - Hazardous materials removal workers
HD02_VD364,Margin of Error; Total: - Hazardous materials removal workers
HD01_VD365,Estimate; Total: - Highway maintenance workers
HD02_VD365,Margin of Error; Total: - Highway maintenance workers
HD01_VD366,Estimate; Total: - Rail-track laying and maintenance equipment operators
HD02_VD366,Margin of Error; Total: - Rail-track laying and maintenance equipment operators
HD01_VD367,Estimate; Total: - Septic tank servicers and sewer pipe cleaners
HD02_VD367,Margin of Error; Total: - Septic tank servicers and sewer pipe cleaners
HD01_VD368,"Estimate; Total: - Miscellaneous construction and related workers, including solar photovoltaic installers"
HD02_VD368,"Margin of Error; Total: - Miscellaneous construction and related workers, including solar photovoltaic installers"
HD01_VD369,"Estimate; Total: - Derrick, rotary drill, and service unit operators, oil, gas, and mining"
HD02_VD369,"Margin of Error; Total: - Derrick, rotary drill, and service unit operators, oil, gas, and mining"
HD01_VD370,"Estimate; Total: - Earth drillers, except oil and gas"
HD02_VD370,"Margin of Error; Total: - Earth drillers, except oil and gas"
HD01_VD371,"Estimate; Total: - Explosives workers, ordnance handling experts, and blasters"
HD02_VD371,"Margin of Error; Total: - Explosives workers, ordnance handling experts, and blasters"
HD01_VD372,Estimate; Total: - Mining machine operators
HD02_VD372,Margin of Error; Total: - Mining machine operators
HD01_VD373,"Estimate; Total: - Roof bolters, mining"
HD02_VD373,"Margin of Error; Total: - Roof bolters, mining"
HD01_VD374,"Estimate; Total: - Roustabouts, oil and gas"
HD02_VD374,"Margin of Error; Total: - Roustabouts, oil and gas"
HD01_VD375,Estimate; Total: - Helpers--extraction workers
HD02_VD375,Margin of Error; Total: - Helpers--extraction workers
HD01_VD376,Estimate; Total: - Other extraction workers
HD02_VD376,Margin of Error; Total: - Other extraction workers
HD01_VD377,"Estimate; Total: - First-line supervisors of mechanics, installers, and repairers"
HD02_VD377,"Margin of Error; Total: - First-line supervisors of mechanics, installers, and repairers"
HD01_VD378,"Estimate; Total: - Computer, automated teller, and office machine repairers"
HD02_VD378,"Margin of Error; Total: - Computer, automated teller, and office machine repairers"
HD01_VD379,Estimate; Total: - Radio and telecommunications equipment installers and repairers
HD02_VD379,Margin of Error; Total: - Radio and telecommunications equipment installers and repairers
HD01_VD380,Estimate; Total: - Avionics technicians
HD02_VD380,Margin of Error; Total: - Avionics technicians
HD01_VD381,"Estimate; Total: - Electric motor, power tool, and related repairers"
HD02_VD381,"Margin of Error; Total: - Electric motor, power tool, and related repairers"
HD01_VD382,"Estimate; Total: - Electrical and electronics installers and repairers, transportation equipment"
HD02_VD382,"Margin of Error; Total: - Electrical and electronics installers and repairers, transportation equipment"
HD01_VD383,"Estimate; Total: - Electrical and electronics repairers, industrial and utility"
HD02_VD383,"Margin of Error; Total: - Electrical and electronics repairers, industrial and utility"
HD01_VD384,"Estimate; Total: - Electronic equipment installers and repairers, motor vehicles"
HD02_VD384,"Margin of Error; Total: - Electronic equipment installers and repairers, motor vehicles"
HD01_VD385,Estimate; Total: - Electronic home entertainment equipment installers and repairers
HD02_VD385,Margin of Error; Total: - Electronic home entertainment equipment installers and repairers
HD01_VD386,Estimate; Total: - Security and fire alarm systems installers
HD02_VD386,Margin of Error; Total: - Security and fire alarm systems installers
HD01_VD387,Estimate; Total: - Aircraft mechanics and service technicians
HD02_VD387,Margin of Error; Total: - Aircraft mechanics and service technicians
HD01_VD388,Estimate; Total: - Automotive body and related repairers
HD02_VD388,Margin of Error; Total: - Automotive body and related repairers
HD01_VD389,Estimate; Total: - Automotive glass installers and repairers
HD02_VD389,Margin of Error; Total: - Automotive glass installers and repairers
HD01_VD390,Estimate; Total: - Automotive service technicians and mechanics
HD02_VD390,Margin of Error; Total: - Automotive service technicians and mechanics
HD01_VD391,Estimate; Total: - Bus and truck mechanics and diesel engine specialists
HD02_VD391,Margin of Error; Total: - Bus and truck mechanics and diesel engine specialists
HD01_VD392,Estimate; Total: - Heavy vehicle and mobile equipment service technicians and mechanics
HD02_VD392,Margin of Error; Total: - Heavy vehicle and mobile equipment service technicians and mechanics
HD01_VD393,Estimate; Total: - Small engine mechanics
HD02_VD393,Margin of Error; Total: - Small engine mechanics
HD01_VD394,"Estimate; Total: - Miscellaneous vehicle and mobile equipment mechanics, installers, and repairers"
HD02_VD394,"Margin of Error; Total: - Miscellaneous vehicle and mobile equipment mechanics, installers, and repairers"
HD01_VD395,Estimate; Total: - Control and valve installers and repairers
HD02_VD395,Margin of Error; Total: - Control and valve installers and repairers
HD01_VD396,"Estimate; Total: - Heating, air conditioning, and refrigeration mechanics and installers"
HD02_VD396,"Margin of Error; Total: - Heating, air conditioning, and refrigeration mechanics and installers"
HD01_VD397,Estimate; Total: - Home appliance repairers
HD02_VD397,Margin of Error; Total: - Home appliance repairers
HD01_VD398,Estimate; Total: - Industrial and refractory machinery mechanics
HD02_VD398,Margin of Error; Total: - Industrial and refractory machinery mechanics
HD01_VD399,"Estimate; Total: - Maintenance and repair workers, general"
HD02_VD399,"Margin of Error; Total: - Maintenance and repair workers, general"
HD01_VD400,"Estimate; Total: - Maintenance workers, machinery"
HD02_VD400,"Margin of Error; Total: - Maintenance workers, machinery"
HD01_VD401,Estimate; Total: - Millwrights
HD02_VD401,Margin of Error; Total: - Millwrights
HD01_VD402,Estimate; Total: - Electrical power-line installers and repairers
HD02_VD402,Margin of Error; Total: - Electrical power-line installers and repairers
HD01_VD403,Estimate; Total: - Telecommunications line installers and repairers
HD02_VD403,Margin of Error; Total: - Telecommunications line installers and repairers
HD01_VD404,Estimate; Total: - Precision instrument and equipment repairers
HD02_VD404,Margin of Error; Total: - Precision instrument and equipment repairers
HD01_VD405,"Estimate; Total: - Coin, vending, and amusement machine servicers and repairers"
HD02_VD405,"Margin of Error; Total: - Coin, vending, and amusement machine servicers and repairers"
HD01_VD406,Estimate; Total: - Commercial divers
HD02_VD406,Margin of Error; Total: - Commercial divers
HD01_VD407,Estimate; Total: - Locksmiths and safe repairers
HD02_VD407,Margin of Error; Total: - Locksmiths and safe repairers
HD01_VD408,Estimate; Total: - Manufactured building and mobile home installers
HD02_VD408,Margin of Error; Total: - Manufactured building and mobile home installers
HD01_VD409,Estimate; Total: - Riggers
HD02_VD409,Margin of Error; Total: - Riggers
HD01_VD410,Estimate; Total: - Signal and track switch repairers
HD02_VD410,Margin of Error; Total: - Signal and track switch repairers
HD01_VD411,"Estimate; Total: - Helpers--installation, maintenance, and repair workers"
HD02_VD411,"Margin of Error; Total: - Helpers--installation, maintenance, and repair workers"
HD01_VD412,"Estimate; Total: - Other installation, maintenance, and repair workers, including wind turbine service technicians"
HD02_VD412,"Margin of Error; Total: - Other installation, maintenance, and repair workers, including wind turbine service technicians"
HD01_VD413,Estimate; Total: - First-line supervisors of production and operating workers
HD02_VD413,Margin of Error; Total: - First-line supervisors of production and operating workers
HD01_VD414,"Estimate; Total: - Aircraft structure, surfaces, rigging, and systems assemblers"
HD02_VD414,"Margin of Error; Total: - Aircraft structure, surfaces, rigging, and systems assemblers"
HD01_VD415,"Estimate; Total: - Electrical, electronics, and electromechanical assemblers"
HD02_VD415,"Margin of Error; Total: - Electrical, electronics, and electromechanical assemblers"
HD01_VD416,Estimate; Total: - Engine and other machine assemblers
HD02_VD416,Margin of Error; Total: - Engine and other machine assemblers
HD01_VD417,Estimate; Total: - Structural metal fabricators and fitters
HD02_VD417,Margin of Error; Total: - Structural metal fabricators and fitters
HD01_VD418,Estimate; Total: - Miscellaneous assemblers and fabricators
HD02_VD418,Margin of Error; Total: - Miscellaneous assemblers and fabricators
HD01_VD419,Estimate; Total: - Bakers
HD02_VD419,Margin of Error; Total: - Bakers
HD01_VD420,"Estimate; Total: - Butchers and other meat, poultry, and fish processing workers"
HD02_VD420,"Margin of Error; Total: - Butchers and other meat, poultry, and fish processing workers"
HD01_VD421,"Estimate; Total: - Food and tobacco roasting, baking, and drying machine operators and tenders"
HD02_VD421,"Margin of Error; Total: - Food and tobacco roasting, baking, and drying machine operators and tenders"
HD01_VD422,Estimate; Total: - Food batchmakers
HD02_VD422,Margin of Error; Total: - Food batchmakers
HD01_VD423,Estimate; Total: - Food cooking machine operators and tenders
HD02_VD423,Margin of Error; Total: - Food cooking machine operators and tenders
HD01_VD424,"Estimate; Total: - Food processing workers, all other"
HD02_VD424,"Margin of Error; Total: - Food processing workers, all other"
HD01_VD425,Estimate; Total: - Computer control programmers and operators
HD02_VD425,Margin of Error; Total: - Computer control programmers and operators
HD01_VD426,"Estimate; Total: - Extruding and drawing machine setters, operators, and tenders, metal and plastic"
HD02_VD426,"Margin of Error; Total: - Extruding and drawing machine setters, operators, and tenders, metal and plastic"
HD01_VD427,"Estimate; Total: - Forging machine setters, operators, and tenders, metal and plastic"
HD02_VD427,"Margin of Error; Total: - Forging machine setters, operators, and tenders, metal and plastic"
HD01_VD428,"Estimate; Total: - Rolling machine setters, operators, and tenders, metal and plastic"
HD02_VD428,"Margin of Error; Total: - Rolling machine setters, operators, and tenders, metal and plastic"
HD01_VD429,"Estimate; Total: - Cutting, punching, and press machine setters, operators, and tenders, metal and plastic"
HD02_VD429,"Margin of Error; Total: - Cutting, punching, and press machine setters, operators, and tenders, metal and plastic"
HD01_VD430,"Estimate; Total: - Drilling and boring machine tool setters, operators, and tenders, metal and plastic"
HD02_VD430,"Margin of Error; Total: - Drilling and boring machine tool setters, operators, and tenders, metal and plastic"
HD01_VD431,"Estimate; Total: - Grinding, lapping, polishing, and buffing machine tool setters, operators, and tenders, metal and plastic"
HD02_VD431,"Margin of Error; Total: - Grinding, lapping, polishing, and buffing machine tool setters, operators, and tenders, metal and plastic"
HD01_VD432,"Estimate; Total: - Lathe and turning machine tool setters, operators, and tenders, metal and plastic"
HD02_VD432,"Margin of Error; Total: - Lathe and turning machine tool setters, operators, and tenders, metal and plastic"
HD01_VD433,"Estimate; Total: - Milling and planing machine setters, operators, and tenders, metal and plastic"
HD02_VD433,"Margin of Error; Total: - Milling and planing machine setters, operators, and tenders, metal and plastic"
HD01_VD434,Estimate; Total: - Machinists
HD02_VD434,Margin of Error; Total: - Machinists
HD01_VD435,"Estimate; Total: - Metal furnace operators, tenders, pourers, and casters"
HD02_VD435,"Margin of Error; Total: - Metal furnace operators, tenders, pourers, and casters"
HD01_VD436,"Estimate; Total: - Model makers and patternmakers, metal and plastic"
HD02_VD436,"Margin of Error; Total: - Model makers and patternmakers, metal and plastic"
HD01_VD437,"Estimate; Total: - Molders and molding machine setters, operators, and tenders, metal and plastic"
HD02_VD437,"Margin of Error; Total: - Molders and molding machine setters, operators, and tenders, metal and plastic"
HD01_VD438,"Estimate; Total: - Multiple machine tool setters, operators, and tenders, metal and plastic"
HD02_VD438,"Margin of Error; Total: - Multiple machine tool setters, operators, and tenders, metal and plastic"
HD01_VD439,Estimate; Total: - Tool and die makers
HD02_VD439,Margin of Error; Total: - Tool and die makers
HD01_VD440,"Estimate; Total: - Welding, soldering, and brazing workers"
HD02_VD440,"Margin of Error; Total: - Welding, soldering, and brazing workers"
HD01_VD441,"Estimate; Total: - Heat treating equipment setters, operators, and tenders, metal and plastic"
HD02_VD441,"Margin of Error; Total: - Heat treating equipment setters, operators, and tenders, metal and plastic"
HD01_VD442,"Estimate; Total: - Layout workers, metal and plastic"
HD02_VD442,"Margin of Error; Total: - Layout workers, metal and plastic"
HD01_VD443,"Estimate; Total: - Plating and coating machine setters, operators, and tenders, metal and plastic"
HD02_VD443,"Margin of Error; Total: - Plating and coating machine setters, operators, and tenders, metal and plastic"
HD01_VD444,"Estimate; Total: - Tool grinders, filers, and sharpeners"
HD02_VD444,"Margin of Error; Total: - Tool grinders, filers, and sharpeners"
HD01_VD445,"Estimate; Total: - Metal workers and plastic workers, all other"
HD02_VD445,"Margin of Error; Total: - Metal workers and plastic workers, all other"
HD01_VD446,Estimate; Total: - Prepress technicians and workers
HD02_VD446,Margin of Error; Total: - Prepress technicians and workers
HD01_VD447,"Estimate; Total: - Printing workers, except prepress technicians and workers"
HD02_VD447,"Margin of Error; Total: - Printing workers, except prepress technicians and workers"
HD01_VD448,Estimate; Total: - Laundry and dry-cleaning workers
HD02_VD448,Margin of Error; Total: - Laundry and dry-cleaning workers
HD01_VD449,"Estimate; Total: - Pressers, textile, garment, and related materials"
HD02_VD449,"Margin of Error; Total: - Pressers, textile, garment, and related materials"
HD01_VD450,Estimate; Total: - Sewing machine operators
HD02_VD450,Margin of Error; Total: - Sewing machine operators
HD01_VD451,Estimate; Total: - Shoe and leather workers and repairers
HD02_VD451,Margin of Error; Total: - Shoe and leather workers and repairers
HD01_VD452,Estimate; Total: - Shoe machine operators and tenders
HD02_VD452,Margin of Error; Total: - Shoe machine operators and tenders
HD01_VD453,"Estimate; Total: - Tailors, dressmakers, and sewers"
HD02_VD453,"Margin of Error; Total: - Tailors, dressmakers, and sewers"
HD01_VD454,Estimate; Total: - Textile bleaching and dyeing machine operators and tenders
HD02_VD454,Margin of Error; Total: - Textile bleaching and dyeing machine operators and tenders
HD01_VD455,"Estimate; Total: - Textile cutting machine setters, operators, and tenders"
HD02_VD455,"Margin of Error; Total: - Textile cutting machine setters, operators, and tenders"
HD01_VD456,"Estimate; Total: - Textile knitting and weaving machine setters, operators, and tenders"
HD02_VD456,"Margin of Error; Total: - Textile knitting and weaving machine setters, operators, and tenders"
HD01_VD457,"Estimate; Total: - Textile winding, twisting, and drawing out machine setters, operators, and tenders"
HD02_VD457,"Margin of Error; Total: - Textile winding, twisting, and drawing out machine setters, operators, and tenders"
HD01_VD458,Estimate; Total: - Fabric and apparel patternmakers
HD02_VD458,Margin of Error; Total: - Fabric and apparel patternmakers
HD01_VD459,Estimate; Total: - Upholsterers
HD02_VD459,Margin of Error; Total: - Upholsterers
HD01_VD460,"Estimate; Total: - Miscellaneous textile, apparel, and furnishings workers, including extruding and forming machine setters, operators, and tenders, synthetic and glass fibers"
HD02_VD460,"Margin of Error; Total: - Miscellaneous textile, apparel, and furnishings workers, including extruding and forming machine setters, operators, and tenders, synthetic and glass fibers"
HD01_VD461,Estimate; Total: - Cabinetmakers and bench carpenters
HD02_VD461,Margin of Error; Total: - Cabinetmakers and bench carpenters
HD01_VD462,Estimate; Total: - Furniture finishers
HD02_VD462,Margin of Error; Total: - Furniture finishers
HD01_VD463,"Estimate; Total: - Sawing machine setters, operators, and tenders, wood"
HD02_VD463,"Margin of Error; Total: - Sawing machine setters, operators, and tenders, wood"
HD01_VD464,"Estimate; Total: - Woodworking machine setters, operators, and tenders, except sawing"
HD02_VD464,"Margin of Error; Total: - Woodworking machine setters, operators, and tenders, except sawing"
HD01_VD465,"Estimate; Total: - Miscellaneous woodworkers, including model makers and patternmakers"
HD02_VD465,"Margin of Error; Total: - Miscellaneous woodworkers, including model makers and patternmakers"
HD01_VD466,"Estimate; Total: - Power plant operators, distributors, and dispatchers"
HD02_VD466,"Margin of Error; Total: - Power plant operators, distributors, and dispatchers"
HD01_VD467,Estimate; Total: - Stationary engineers and boiler operators
HD02_VD467,Margin of Error; Total: - Stationary engineers and boiler operators
HD01_VD468,Estimate; Total: - Water and wastewater treatment plant and system operators
HD02_VD468,Margin of Error; Total: - Water and wastewater treatment plant and system operators
HD01_VD469,Estimate; Total: - Miscellaneous plant and system operators
HD02_VD469,Margin of Error; Total: - Miscellaneous plant and system operators
HD01_VD470,"Estimate; Total: - Chemical processing machine setters, operators, and tenders"
HD02_VD470,"Margin of Error; Total: - Chemical processing machine setters, operators, and tenders"
HD01_VD471,"Estimate; Total: - Crushing, grinding, polishing, mixing, and blending workers"
HD02_VD471,"Margin of Error; Total: - Crushing, grinding, polishing, mixing, and blending workers"
HD01_VD472,Estimate; Total: - Cutting workers
HD02_VD472,Margin of Error; Total: - Cutting workers
HD01_VD473,"Estimate; Total: - Extruding, forming, pressing, and compacting machine setters, operators, and tenders"
HD02_VD473,"Margin of Error; Total: - Extruding, forming, pressing, and compacting machine setters, operators, and tenders"
HD01_VD474,"Estimate; Total: - Furnace, kiln, oven, drier, and kettle operators and tenders"
HD02_VD474,"Margin of Error; Total: - Furnace, kiln, oven, drier, and kettle operators and tenders"
HD01_VD475,"Estimate; Total: - Inspectors, testers, sorters, samplers, and weighers"
HD02_VD475,"Margin of Error; Total: - Inspectors, testers, sorters, samplers, and weighers"
HD01_VD476,Estimate; Total: - Jewelers and precious stone and metal workers
HD02_VD476,Margin of Error; Total: - Jewelers and precious stone and metal workers
HD01_VD477,"Estimate; Total: - Medical, dental, and ophthalmic laboratory technicians"
HD02_VD477,"Margin of Error; Total: - Medical, dental, and ophthalmic laboratory technicians"
HD01_VD478,Estimate; Total: - Packaging and filling machine operators and tenders
HD02_VD478,Margin of Error; Total: - Packaging and filling machine operators and tenders
HD01_VD479,Estimate; Total: - Painting workers
HD02_VD479,Margin of Error; Total: - Painting workers
HD01_VD480,Estimate; Total: - Photographic process workers and processing machine operators
HD02_VD480,Margin of Error; Total: - Photographic process workers and processing machine operators
HD01_VD481,Estimate; Total: - Semiconductor processors
HD02_VD481,Margin of Error; Total: - Semiconductor processors
HD01_VD482,Estimate; Total: - Adhesive bonding machine operators and tenders
HD02_VD482,Margin of Error; Total: - Adhesive bonding machine operators and tenders
HD01_VD483,"Estimate; Total: - Cleaning, washing, and metal pickling equipment operators and tenders"
HD02_VD483,"Margin of Error; Total: - Cleaning, washing, and metal pickling equipment operators and tenders"
HD01_VD484,Estimate; Total: - Cooling and freezing equipment operators and tenders
HD02_VD484,Margin of Error; Total: - Cooling and freezing equipment operators and tenders
HD01_VD485,Estimate; Total: - Etchers and engravers
HD02_VD485,Margin of Error; Total: - Etchers and engravers
HD01_VD486,"Estimate; Total: - Molders, shapers, and casters, except metal and plastic"
HD02_VD486,"Margin of Error; Total: - Molders, shapers, and casters, except metal and plastic"
HD01_VD487,"Estimate; Total: - Paper goods machine setters, operators, and tenders"
HD02_VD487,"Margin of Error; Total: - Paper goods machine setters, operators, and tenders"
HD01_VD488,Estimate; Total: - Tire builders
HD02_VD488,Margin of Error; Total: - Tire builders
HD01_VD489,Estimate; Total: - Helpers--production workers
HD02_VD489,Margin of Error; Total: - Helpers--production workers
HD01_VD490,"Estimate; Total: - Production workers, all other"
HD02_VD490,"Margin of Error; Total: - Production workers, all other"
HD01_VD491,Estimate; Total: - Supervisors of transportation and material moving workers
HD02_VD491,Margin of Error; Total: - Supervisors of transportation and material moving workers
HD01_VD492,Estimate; Total: - Aircraft pilots and flight engineers
HD02_VD492,Margin of Error; Total: - Aircraft pilots and flight engineers
HD01_VD493,Estimate; Total: - Air traffic controllers and airfield operations specialists
HD02_VD493,Margin of Error; Total: - Air traffic controllers and airfield operations specialists
HD01_VD494,Estimate; Total: - Flight attendants
HD02_VD494,Margin of Error; Total: - Flight attendants
HD01_VD495,"Estimate; Total: - Ambulance drivers and attendants, except emergency medical technicians"
HD02_VD495,"Margin of Error; Total: - Ambulance drivers and attendants, except emergency medical technicians"
HD01_VD496,Estimate; Total: - Bus drivers
HD02_VD496,Margin of Error; Total: - Bus drivers
HD01_VD497,Estimate; Total: - Driver/sales workers and truck drivers
HD02_VD497,Margin of Error; Total: - Driver/sales workers and truck drivers
HD01_VD498,Estimate; Total: - Taxi drivers and chauffeurs
HD02_VD498,Margin of Error; Total: - Taxi drivers and chauffeurs
HD01_VD499,"Estimate; Total: - Motor vehicle operators, all other"
HD02_VD499,"Margin of Error; Total: - Motor vehicle operators, all other"
HD01_VD500,Estimate; Total: - Locomotive engineers and operators
HD02_VD500,Margin of Error; Total: - Locomotive engineers and operators
HD01_VD501,"Estimate; Total: - Railroad brake, signal, and switch operators"
HD02_VD501,"Margin of Error; Total: - Railroad brake, signal, and switch operators"
HD01_VD502,Estimate; Total: - Railroad conductors and yardmasters
HD02_VD502,Margin of Error; Total: - Railroad conductors and yardmasters
HD01_VD503,"Estimate; Total: - Subway, streetcar, and other rail transportation workers"
HD02_VD503,"Margin of Error; Total: - Subway, streetcar, and other rail transportation workers"
HD01_VD504,Estimate; Total: - Sailors and marine oilers
HD02_VD504,Margin of Error; Total: - Sailors and marine oilers
HD01_VD505,Estimate; Total: - Ship and boat captains and operators
HD02_VD505,Margin of Error; Total: - Ship and boat captains and operators
HD01_VD506,Estimate; Total: - Ship engineers
HD02_VD506,Margin of Error; Total: - Ship engineers
HD01_VD507,Estimate; Total: - Bridge and lock tenders
HD02_VD507,Margin of Error; Total: - Bridge and lock tenders
HD01_VD508,Estimate; Total: - Parking lot attendants
HD02_VD508,Margin of Error; Total: - Parking lot attendants
HD01_VD509,Estimate; Total: - Automotive and watercraft service attendants
HD02_VD509,Margin of Error; Total: - Automotive and watercraft service attendants
HD01_VD510,Estimate; Total: - Transportation inspectors
HD02_VD510,Margin of Error; Total: - Transportation inspectors
HD01_VD511,"Estimate; Total: - Transportation attendants, except flight attendants"
HD02_VD511,"Margin of Error; Total: - Transportation attendants, except flight attendants"
HD01_VD512,Estimate; Total: - Other transportation workers
HD02_VD512,Margin of Error; Total: - Other transportation workers
HD01_VD513,Estimate; Total: - Conveyor operators and tenders
HD02_VD513,Margin of Error; Total: - Conveyor operators and tenders
HD01_VD514,Estimate; Total: - Crane and tower operators
HD02_VD514,Margin of Error; Total: - Crane and tower operators
HD01_VD515,"Estimate; Total: - Dredge, excavating, and loading machine operators"
HD02_VD515,"Margin of Error; Total: - Dredge, excavating, and loading machine operators"
HD01_VD516,Estimate; Total: - Hoist and winch operators
HD02_VD516,Margin of Error; Total: - Hoist and winch operators
HD01_VD517,Estimate; Total: - Industrial truck and tractor operators
HD02_VD517,Margin of Error; Total: - Industrial truck and tractor operators
HD01_VD518,Estimate; Total: - Cleaners of vehicles and equipment
HD02_VD518,Margin of Error; Total: - Cleaners of vehicles and equipment
HD01_VD519,"Estimate; Total: - Laborers and freight, stock, and material movers, hand"
HD02_VD519,"Margin of Error; Total: - Laborers and freight, stock, and material movers, hand"
HD01_VD520,Estimate; Total: - Machine feeders and offbearers
HD02_VD520,Margin of Error; Total: - Machine feeders and offbearers
HD01_VD521,"Estimate; Total: - Packers and packagers, hand"
HD02_VD521,"Margin of Error; Total: - Packers and packagers, hand"
HD01_VD522,Estimate; Total: - Pumping station operators
HD02_VD522,Margin of Error; Total: - Pumping station operators
HD01_VD523,Estimate; Total: - Refuse and recyclable material collectors
HD02_VD523,Margin of Error; Total: - Refuse and recyclable material collectors
HD01_VD524,Estimate; Total: - Mine shuttle car operators
HD02_VD524,Margin of Error; Total: - Mine shuttle car operators
HD01_VD525,"Estimate; Total: - Tank car, truck, and ship loaders"
HD02_VD525,"Margin of Error; Total: - Tank car, truck, and ship loaders"
HD01_VD526,"Estimate; Total: - Material moving workers, all other"
HD02_VD526,"Margin of Error; Total: - Material moving workers, all other"
